{
  "config": {
    "n_qubits": 8,
    "p_layers": 5,
    "delta_t": 0.8,
    "steps": 10,
    "lr": 0.05,
    "seed": 81052,
    "device": "cuda",
    "preset": "hybrid",
    "build_min_abs": 0.001,
    "build_min_mat_abs": null,
    "rebuild_every": 10,
    "chunk_size": 1000000,
    "max_weight": 2,
    "weight_mode": "xyz",
    "weight_x": 1.0,
    "weight_y": 1.0,
    "weight_z": 1.0
  },
  "graph": {
    "source": "edges_json",
    "params": {
      "edges_json": "/home/quantum/ys_lee/Pauli-Propagation---GPU-acceleration/QAOA/artifacts/weight_sweep_yz_xyz_cmp/q08/graphs/edges_graph_01.json"
    },
    "edges": [
      [
        0,
        1
      ],
      [
        0,
        5
      ],
      [
        0,
        6
      ],
      [
        0,
        7
      ],
      [
        1,
        3
      ],
      [
        1,
        4
      ],
      [
        2,
        4
      ],
      [
        2,
        6
      ],
      [
        5,
        6
      ],
      [
        5,
        7
      ]
    ]
  },
  "training": {
    "history_sum_zz": [
      5.558523654937744,
      4.839672088623047,
      3.836644172668457,
      2.7178797721862793,
      1.6241176128387451,
      0.5314064025878906,
      -0.6601094603538513,
      -1.9050977230072021,
      -3.0947189331054688,
      -4.094745635986328
    ],
    "history_expected_cut": [
      2.220738172531128,
      2.5801639556884766,
      3.0816779136657715,
      3.6410601139068604,
      4.187941193580627,
      4.734296798706055,
      5.330054730176926,
      5.952548861503601,
      6.547359466552734,
      7.047372817993164
    ],
    "best_sum_zz": -4.094745635986328,
    "best_expected_cut": 7.047372817993164
  },
  "resources": {
    "compile_events": [
      {
        "step": -1,
        "chunk_size": 1000000,
        "terms_after_zero_filter": 8,
        "n_steps": 98,
        "nnz_const_total": 2450,
        "nnz_cos_total": 636,
        "nnz_sin_total": 380,
        "nnz_total": 3466,
        "gpu_work_proxy_nnz_total": 3466,
        "max_step_rows": 48,
        "max_step_cols": 48,
        "max_step_nnz_total": 64,
        "nnz_density_proxy": 0.015350410997732426
      }
    ],
    "terms_after_zero_filter_last": 8,
    "nnz_total_last": 3466,
    "gpu_work_proxy_nnz_total_last": 3466,
    "terms_after_zero_filter_mean": 8.0,
    "nnz_total_mean": 3466.0,
    "nnz_total_std": 0.0,
    "rebuild_count": 0
  },
  "checkpoint": "/home/quantum/ys_lee/Pauli-Propagation---GPU-acceleration/QAOA/artifacts/weight_sweep_yz_xyz_cmp/q08/runs/qaoa_pps_q08_g01_p05_wmxyz_mw02.pt"
}