{
  "config": {
    "n_qubits": 8,
    "p_layers": 5,
    "delta_t": 0.8,
    "steps": 10,
    "lr": 0.05,
    "seed": 81058,
    "device": "cuda",
    "preset": "hybrid",
    "build_min_abs": 0.001,
    "build_min_mat_abs": null,
    "rebuild_every": 10,
    "chunk_size": 1000000,
    "max_weight": 8,
    "weight_mode": "xyz",
    "weight_x": 1.0,
    "weight_y": 1.0,
    "weight_z": 1.0
  },
  "graph": {
    "source": "edges_json",
    "params": {
      "edges_json": "/home/quantum/ys_lee/Pauli-Propagation---GPU-acceleration/QAOA/artifacts/weight_sweep_yz_xyz_cmp/q08/graphs/edges_graph_01.json"
    },
    "edges": [
      [
        0,
        1
      ],
      [
        0,
        5
      ],
      [
        0,
        6
      ],
      [
        0,
        7
      ],
      [
        1,
        3
      ],
      [
        1,
        4
      ],
      [
        2,
        4
      ],
      [
        2,
        6
      ],
      [
        5,
        6
      ],
      [
        5,
        7
      ]
    ]
  },
  "training": {
    "history_sum_zz": [
      6.055870056152344,
      5.017589569091797,
      3.7958168983459473,
      2.4899401664733887,
      1.1840434074401855,
      -0.05590818449854851,
      -1.1758129596710205,
      -2.1604886054992676,
      -3.0115890502929688,
      -3.711498260498047
    ],
    "history_expected_cut": [
      1.9720649719238281,
      2.4912052154541016,
      3.1020915508270264,
      3.7550299167633057,
      4.407978296279907,
      5.027954092249274,
      5.58790647983551,
      6.080244302749634,
      6.505794525146484,
      6.855749130249023
    ],
    "best_sum_zz": -3.711498260498047,
    "best_expected_cut": 6.855749130249023
  },
  "resources": {
    "compile_events": [
      {
        "step": -1,
        "chunk_size": 1000000,
        "terms_after_zero_filter": 31,
        "n_steps": 98,
        "nnz_const_total": 17161,
        "nnz_cos_total": 9604,
        "nnz_sin_total": 6847,
        "nnz_total": 33612,
        "gpu_work_proxy_nnz_total": 33612,
        "max_step_rows": 893,
        "max_step_cols": 893,
        "max_step_nnz_total": 1138,
        "nnz_density_proxy": 0.00043009595828289295
      }
    ],
    "terms_after_zero_filter_last": 31,
    "nnz_total_last": 33612,
    "gpu_work_proxy_nnz_total_last": 33612,
    "terms_after_zero_filter_mean": 31.0,
    "nnz_total_mean": 33612.0,
    "nnz_total_std": 0.0,
    "rebuild_count": 0
  },
  "checkpoint": "/home/quantum/ys_lee/Pauli-Propagation---GPU-acceleration/QAOA/artifacts/weight_sweep_yz_xyz_cmp/q08/runs/qaoa_pps_q08_g01_p05_wmxyz_mw08.pt"
}