{
  "config": {
    "n_qubits": 8,
    "p_layers": 5,
    "delta_t": 0.8,
    "steps": 10,
    "lr": 0.05,
    "seed": 81056,
    "device": "cuda",
    "preset": "hybrid",
    "build_min_abs": 0.001,
    "build_min_mat_abs": null,
    "rebuild_every": 10,
    "chunk_size": 1000000,
    "max_weight": 6,
    "weight_mode": "xyz",
    "weight_x": 1.0,
    "weight_y": 1.0,
    "weight_z": 1.0
  },
  "graph": {
    "source": "edges_json",
    "params": {
      "edges_json": "/home/quantum/ys_lee/Pauli-Propagation---GPU-acceleration/QAOA/artifacts/weight_sweep_yz_xyz_cmp/q08/graphs/edges_graph_01.json"
    },
    "edges": [
      [
        0,
        1
      ],
      [
        0,
        5
      ],
      [
        0,
        6
      ],
      [
        0,
        7
      ],
      [
        1,
        3
      ],
      [
        1,
        4
      ],
      [
        2,
        4
      ],
      [
        2,
        6
      ],
      [
        5,
        6
      ],
      [
        5,
        7
      ]
    ]
  },
  "training": {
    "history_sum_zz": [
      6.056080341339111,
      5.017657279968262,
      3.795814037322998,
      2.48991060256958,
      1.184114933013916,
      -0.05588734522461891,
      -1.175921082496643,
      -2.1601996421813965,
      -3.011115074157715,
      -3.711219072341919
    ],
    "history_expected_cut": [
      1.9719598293304443,
      2.491171360015869,
      3.102092981338501,
      3.75504469871521,
      4.407942533493042,
      5.0279436726123095,
      5.5879605412483215,
      6.080099821090698,
      6.505557537078857,
      6.8556095361709595
    ],
    "best_sum_zz": -3.711219072341919,
    "best_expected_cut": 6.8556095361709595
  },
  "resources": {
    "compile_events": [
      {
        "step": -1,
        "chunk_size": 1000000,
        "terms_after_zero_filter": 31,
        "n_steps": 98,
        "nnz_const_total": 16988,
        "nnz_cos_total": 9412,
        "nnz_sin_total": 6706,
        "nnz_total": 33106,
        "gpu_work_proxy_nnz_total": 33106,
        "max_step_rows": 875,
        "max_step_cols": 875,
        "max_step_nnz_total": 1116,
        "nnz_density_proxy": 0.00044122948771345275
      }
    ],
    "terms_after_zero_filter_last": 31,
    "nnz_total_last": 33106,
    "gpu_work_proxy_nnz_total_last": 33106,
    "terms_after_zero_filter_mean": 31.0,
    "nnz_total_mean": 33106.0,
    "nnz_total_std": 0.0,
    "rebuild_count": 0
  },
  "checkpoint": "/home/quantum/ys_lee/Pauli-Propagation---GPU-acceleration/QAOA/artifacts/weight_sweep_yz_xyz_cmp/q08/runs/qaoa_pps_q08_g01_p05_wmxyz_mw06.pt"
}