{
  "config": {
    "n_qubits": 8,
    "p_layers": 5,
    "delta_t": 0.8,
    "steps": 10,
    "lr": 0.05,
    "seed": 81052,
    "device": "cuda",
    "preset": "hybrid",
    "build_min_abs": 0.001,
    "build_min_mat_abs": null,
    "rebuild_every": 10,
    "chunk_size": 1000000,
    "max_weight": 2,
    "weight_mode": "yz",
    "weight_x": 0.0,
    "weight_y": 1.0,
    "weight_z": 1.0
  },
  "graph": {
    "source": "edges_json",
    "params": {
      "edges_json": "/home/quantum/ys_lee/Pauli-Propagation---GPU-acceleration/QAOA/artifacts/weight_sweep_yz_xyz_cmp/q08/graphs/edges_graph_01.json"
    },
    "edges": [
      [
        0,
        1
      ],
      [
        0,
        5
      ],
      [
        0,
        6
      ],
      [
        0,
        7
      ],
      [
        1,
        3
      ],
      [
        1,
        4
      ],
      [
        2,
        4
      ],
      [
        2,
        6
      ],
      [
        5,
        6
      ],
      [
        5,
        7
      ]
    ]
  },
  "training": {
    "history_sum_zz": [
      6.022036552429199,
      4.970868110656738,
      3.7512266635894775,
      2.4703447818756104,
      1.19248628616333,
      -0.012407856993377209,
      -1.0803581476211548,
      -1.9665981531143188,
      -2.6671736240386963,
      -3.205512046813965
    ],
    "history_expected_cut": [
      1.9889817237854004,
      2.514565944671631,
      3.1243866682052612,
      3.764827609062195,
      4.403756856918335,
      5.006203928496689,
      5.540179073810577,
      5.983299076557159,
      6.333586812019348,
      6.602756023406982
    ],
    "best_sum_zz": -3.205512046813965,
    "best_expected_cut": 6.602756023406982
  },
  "resources": {
    "compile_events": [
      {
        "step": -1,
        "chunk_size": 1000000,
        "terms_after_zero_filter": 28,
        "n_steps": 98,
        "nnz_const_total": 9048,
        "nnz_cos_total": 3549,
        "nnz_sin_total": 2391,
        "nnz_total": 14988,
        "gpu_work_proxy_nnz_total": 14988,
        "max_step_rows": 318,
        "max_step_cols": 318,
        "max_step_nnz_total": 385,
        "nnz_density_proxy": 0.0015123885082690962
      }
    ],
    "terms_after_zero_filter_last": 28,
    "nnz_total_last": 14988,
    "gpu_work_proxy_nnz_total_last": 14988,
    "terms_after_zero_filter_mean": 28.0,
    "nnz_total_mean": 14988.0,
    "nnz_total_std": 0.0,
    "rebuild_count": 0
  },
  "checkpoint": "/home/quantum/ys_lee/Pauli-Propagation---GPU-acceleration/QAOA/artifacts/weight_sweep_yz_xyz_cmp/q08/runs/qaoa_pps_q08_g01_p05_wmyz_mw02.pt"
}