{
  "config": {
    "n_qubits": 8,
    "p_layers": 5,
    "delta_t": 0.8,
    "steps": 10,
    "lr": 0.05,
    "seed": 81054,
    "device": "cuda",
    "preset": "hybrid",
    "build_min_abs": 0.001,
    "build_min_mat_abs": null,
    "rebuild_every": 10,
    "chunk_size": 1000000,
    "max_weight": 4,
    "weight_mode": "xyz",
    "weight_x": 1.0,
    "weight_y": 1.0,
    "weight_z": 1.0
  },
  "graph": {
    "source": "edges_json",
    "params": {
      "edges_json": "/home/quantum/ys_lee/Pauli-Propagation---GPU-acceleration/QAOA/artifacts/weight_sweep_yz_xyz_cmp/q08/graphs/edges_graph_01.json"
    },
    "edges": [
      [
        0,
        1
      ],
      [
        0,
        5
      ],
      [
        0,
        6
      ],
      [
        0,
        7
      ],
      [
        1,
        3
      ],
      [
        1,
        4
      ],
      [
        2,
        4
      ],
      [
        2,
        6
      ],
      [
        5,
        6
      ],
      [
        5,
        7
      ]
    ]
  },
  "training": {
    "history_sum_zz": [
      6.01273250579834,
      4.981496334075928,
      3.773589611053467,
      2.484896183013916,
      1.1939760446548462,
      -0.04369397088885307,
      -1.1824631690979004,
      -2.1933069229125977,
      -3.0639984607696533,
      -3.7740578651428223
    ],
    "history_expected_cut": [
      1.99363374710083,
      2.509251832962036,
      3.1132051944732666,
      3.757551908493042,
      4.403011977672577,
      5.0218469854444265,
      5.59123158454895,
      6.096653461456299,
      6.531999230384827,
      6.887028932571411
    ],
    "best_sum_zz": -3.7740578651428223,
    "best_expected_cut": 6.887028932571411
  },
  "resources": {
    "compile_events": [
      {
        "step": -1,
        "chunk_size": 1000000,
        "terms_after_zero_filter": 28,
        "n_steps": 98,
        "nnz_const_total": 11788,
        "nnz_cos_total": 5542,
        "nnz_sin_total": 3774,
        "nnz_total": 21104,
        "gpu_work_proxy_nnz_total": 21104,
        "max_step_rows": 450,
        "max_step_cols": 450,
        "max_step_nnz_total": 623,
        "nnz_density_proxy": 0.0010634416729654824
      }
    ],
    "terms_after_zero_filter_last": 28,
    "nnz_total_last": 21104,
    "gpu_work_proxy_nnz_total_last": 21104,
    "terms_after_zero_filter_mean": 28.0,
    "nnz_total_mean": 21104.0,
    "nnz_total_std": 0.0,
    "rebuild_count": 0
  },
  "checkpoint": "/home/quantum/ys_lee/Pauli-Propagation---GPU-acceleration/QAOA/artifacts/weight_sweep_yz_xyz_cmp/q08/runs/qaoa_pps_q08_g01_p05_wmxyz_mw04.pt"
}