{
  "config": {
    "n_qubits": 8,
    "p_layers": 3,
    "delta_t": 0.8,
    "steps": 10,
    "lr": 0.05,
    "seed": 81032,
    "device": "cuda",
    "preset": "hybrid",
    "build_min_abs": 0.001,
    "build_min_mat_abs": null,
    "rebuild_every": 10,
    "chunk_size": 1000000,
    "max_weight": 2,
    "weight_mode": "yz",
    "weight_x": 0.0,
    "weight_y": 1.0,
    "weight_z": 1.0
  },
  "graph": {
    "source": "edges_json",
    "params": {
      "edges_json": "/home/quantum/ys_lee/Pauli-Propagation---GPU-acceleration/QAOA/artifacts/weight_sweep_yz_xyz_cmp/q08/graphs/edges_graph_01.json"
    },
    "edges": [
      [
        0,
        1
      ],
      [
        0,
        5
      ],
      [
        0,
        6
      ],
      [
        0,
        7
      ],
      [
        1,
        3
      ],
      [
        1,
        4
      ],
      [
        2,
        4
      ],
      [
        2,
        6
      ],
      [
        5,
        6
      ],
      [
        5,
        7
      ]
    ]
  },
  "training": {
    "history_sum_zz": [
      4.183205604553223,
      3.4173648357391357,
      2.569136619567871,
      1.6943738460540771,
      0.8700283169746399,
      0.18020682036876678,
      -0.3054068088531494,
      -0.5820388793945312,
      -0.7389745712280273,
      -0.8704594373703003
    ],
    "history_expected_cut": [
      2.9083971977233887,
      3.291317582130432,
      3.7154316902160645,
      4.152813076972961,
      4.56498584151268,
      4.909896589815617,
      5.152703404426575,
      5.291019439697266,
      5.369487285614014,
      5.43522971868515
    ],
    "best_sum_zz": -0.8704594373703003,
    "best_expected_cut": 5.43522971868515
  },
  "resources": {
    "compile_events": [
      {
        "step": -1,
        "chunk_size": 1000000,
        "terms_after_zero_filter": 17,
        "n_steps": 62,
        "nnz_const_total": 2138,
        "nnz_cos_total": 592,
        "nnz_sin_total": 439,
        "nnz_total": 3169,
        "gpu_work_proxy_nnz_total": 3169,
        "max_step_rows": 139,
        "max_step_cols": 139,
        "max_step_nnz_total": 164,
        "nnz_density_proxy": 0.0026454584765698698
      }
    ],
    "terms_after_zero_filter_last": 17,
    "nnz_total_last": 3169,
    "gpu_work_proxy_nnz_total_last": 3169,
    "terms_after_zero_filter_mean": 17.0,
    "nnz_total_mean": 3169.0,
    "nnz_total_std": 0.0,
    "rebuild_count": 0
  },
  "checkpoint": "/home/quantum/ys_lee/Pauli-Propagation---GPU-acceleration/QAOA/artifacts/weight_sweep_yz_xyz_cmp/q08/runs/qaoa_pps_q08_g01_p03_wmyz_mw02.pt"
}