{
  "config": {
    "n_qubits": 12,
    "p_layers": 5,
    "delta_t": 0.8,
    "steps": 10,
    "lr": 0.05,
    "seed": 121058,
    "device": "cuda",
    "preset": "hybrid",
    "build_min_abs": 0.001,
    "build_min_mat_abs": null,
    "rebuild_every": 10,
    "chunk_size": 1000000,
    "max_weight": 8,
    "weight_mode": "yz",
    "weight_x": 0.0,
    "weight_y": 1.0,
    "weight_z": 1.0
  },
  "graph": {
    "source": "edges_json",
    "params": {
      "edges_json": "/home/quantum/ys_lee/Pauli-Propagation---GPU-acceleration/QAOA/artifacts/weight_sweep_yz_xyz_cmp/q12/graphs/edges_graph_01.json"
    },
    "edges": [
      [
        0,
        4
      ],
      [
        0,
        6
      ],
      [
        1,
        3
      ],
      [
        1,
        5
      ],
      [
        1,
        6
      ],
      [
        1,
        10
      ],
      [
        2,
        3
      ],
      [
        2,
        5
      ],
      [
        2,
        10
      ],
      [
        3,
        5
      ],
      [
        3,
        7
      ],
      [
        4,
        5
      ],
      [
        4,
        8
      ],
      [
        4,
        10
      ],
      [
        5,
        7
      ],
      [
        5,
        9
      ],
      [
        5,
        10
      ],
      [
        6,
        7
      ],
      [
        6,
        8
      ],
      [
        6,
        9
      ],
      [
        6,
        11
      ],
      [
        7,
        9
      ],
      [
        9,
        11
      ]
    ]
  },
  "training": {
    "history_sum_zz": [
      11.72514820098877,
      9.474114418029785,
      6.840939521789551,
      4.04219388961792,
      1.3401511907577515,
      -1.0058622360229492,
      -2.823606014251709,
      -4.104291915893555,
      -4.985783100128174,
      -5.634877681732178
    ],
    "history_expected_cut": [
      5.637425899505615,
      6.762942790985107,
      8.079530239105225,
      9.47890305519104,
      10.829924404621124,
      12.002931118011475,
      12.911803007125854,
      13.552145957946777,
      13.992891550064087,
      14.317438840866089
    ],
    "best_sum_zz": -5.634877681732178,
    "best_expected_cut": 14.317438840866089
  },
  "resources": {
    "compile_events": [
      {
        "step": -1,
        "chunk_size": 1000000,
        "terms_after_zero_filter": 149,
        "n_steps": 187,
        "nnz_const_total": 280205,
        "nnz_cos_total": 119233,
        "nnz_sin_total": 63777,
        "nnz_total": 463215,
        "gpu_work_proxy_nnz_total": 463215,
        "max_step_rows": 7200,
        "max_step_cols": 7200,
        "max_step_nnz_total": 8640,
        "nnz_density_proxy": 4.778328629431571e-05
      }
    ],
    "terms_after_zero_filter_last": 149,
    "nnz_total_last": 463215,
    "gpu_work_proxy_nnz_total_last": 463215,
    "terms_after_zero_filter_mean": 149.0,
    "nnz_total_mean": 463215.0,
    "nnz_total_std": 0.0,
    "rebuild_count": 0
  },
  "checkpoint": "/home/quantum/ys_lee/Pauli-Propagation---GPU-acceleration/QAOA/artifacts/weight_sweep_yz_xyz_cmp/q12/runs/qaoa_pps_q12_g01_p05_wmyz_mw08.pt"
}