{
  "config": {
    "n_qubits": 12,
    "p_layers": 3,
    "delta_t": 0.8,
    "steps": 10,
    "lr": 0.05,
    "seed": 121038,
    "device": "cuda",
    "preset": "hybrid",
    "build_min_abs": 0.001,
    "build_min_mat_abs": null,
    "rebuild_every": 10,
    "chunk_size": 1000000,
    "max_weight": 8,
    "weight_mode": "yz",
    "weight_x": 0.0,
    "weight_y": 1.0,
    "weight_z": 1.0
  },
  "graph": {
    "source": "edges_json",
    "params": {
      "edges_json": "/home/quantum/ys_lee/Pauli-Propagation---GPU-acceleration/QAOA/artifacts/weight_sweep_yz_xyz_cmp/q12/graphs/edges_graph_01.json"
    },
    "edges": [
      [
        0,
        4
      ],
      [
        0,
        6
      ],
      [
        1,
        3
      ],
      [
        1,
        5
      ],
      [
        1,
        6
      ],
      [
        1,
        10
      ],
      [
        2,
        3
      ],
      [
        2,
        5
      ],
      [
        2,
        10
      ],
      [
        3,
        5
      ],
      [
        3,
        7
      ],
      [
        4,
        5
      ],
      [
        4,
        8
      ],
      [
        4,
        10
      ],
      [
        5,
        7
      ],
      [
        5,
        9
      ],
      [
        5,
        10
      ],
      [
        6,
        7
      ],
      [
        6,
        8
      ],
      [
        6,
        9
      ],
      [
        6,
        11
      ],
      [
        7,
        9
      ],
      [
        9,
        11
      ]
    ]
  },
  "training": {
    "history_sum_zz": [
      8.108941078186035,
      6.512847900390625,
      4.845296382904053,
      3.219212532043457,
      1.7151581048965454,
      0.38104861974716187,
      -0.7705173492431641,
      -1.7661643028259277,
      -2.665158748626709,
      -3.5287861824035645
    ],
    "history_expected_cut": [
      7.445529460906982,
      8.243576049804688,
      9.077351808547974,
      9.890393733978271,
      10.642420947551727,
      11.309475690126419,
      11.885258674621582,
      12.383082151412964,
      12.832579374313354,
      13.264393091201782
    ],
    "best_sum_zz": -3.5287861824035645,
    "best_expected_cut": 13.264393091201782
  },
  "resources": {
    "compile_events": [
      {
        "step": -1,
        "chunk_size": 1000000,
        "terms_after_zero_filter": 85,
        "n_steps": 117,
        "nnz_const_total": 34105,
        "nnz_cos_total": 10203,
        "nnz_sin_total": 6601,
        "nnz_total": 50909,
        "gpu_work_proxy_nnz_total": 50909,
        "max_step_rows": 1562,
        "max_step_cols": 1562,
        "max_step_nnz_total": 1759,
        "nnz_density_proxy": 0.00017833913074756343
      }
    ],
    "terms_after_zero_filter_last": 85,
    "nnz_total_last": 50909,
    "gpu_work_proxy_nnz_total_last": 50909,
    "terms_after_zero_filter_mean": 85.0,
    "nnz_total_mean": 50909.0,
    "nnz_total_std": 0.0,
    "rebuild_count": 0
  },
  "checkpoint": "/home/quantum/ys_lee/Pauli-Propagation---GPU-acceleration/QAOA/artifacts/weight_sweep_yz_xyz_cmp/q12/runs/qaoa_pps_q12_g01_p03_wmyz_mw08.pt"
}