{
  "config": {
    "n_qubits": 12,
    "p_layers": 5,
    "delta_t": 0.8,
    "steps": 10,
    "lr": 0.05,
    "seed": 121054,
    "device": "cuda",
    "preset": "hybrid",
    "build_min_abs": 0.001,
    "build_min_mat_abs": null,
    "rebuild_every": 10,
    "chunk_size": 1000000,
    "max_weight": 4,
    "weight_mode": "yz",
    "weight_x": 0.0,
    "weight_y": 1.0,
    "weight_z": 1.0
  },
  "graph": {
    "source": "edges_json",
    "params": {
      "edges_json": "/home/quantum/ys_lee/Pauli-Propagation---GPU-acceleration/QAOA/artifacts/weight_sweep_yz_xyz_cmp/q12/graphs/edges_graph_01.json"
    },
    "edges": [
      [
        0,
        4
      ],
      [
        0,
        6
      ],
      [
        1,
        3
      ],
      [
        1,
        5
      ],
      [
        1,
        6
      ],
      [
        1,
        10
      ],
      [
        2,
        3
      ],
      [
        2,
        5
      ],
      [
        2,
        10
      ],
      [
        3,
        5
      ],
      [
        3,
        7
      ],
      [
        4,
        5
      ],
      [
        4,
        8
      ],
      [
        4,
        10
      ],
      [
        5,
        7
      ],
      [
        5,
        9
      ],
      [
        5,
        10
      ],
      [
        6,
        7
      ],
      [
        6,
        8
      ],
      [
        6,
        9
      ],
      [
        6,
        11
      ],
      [
        7,
        9
      ],
      [
        9,
        11
      ]
    ]
  },
  "training": {
    "history_sum_zz": [
      11.769073486328125,
      9.608023643493652,
      7.236504077911377,
      4.796781539916992,
      2.332379102706909,
      -0.10985396802425385,
      -2.419342041015625,
      -4.311246395111084,
      -5.451690673828125,
      -5.779661178588867
    ],
    "history_expected_cut": [
      5.6154632568359375,
      6.695988178253174,
      7.8817479610443115,
      9.101609230041504,
      10.333810448646545,
      11.554926984012127,
      12.709671020507812,
      13.655623197555542,
      14.225845336914062,
      14.389830589294434
    ],
    "best_sum_zz": -5.779661178588867,
    "best_expected_cut": 14.389830589294434
  },
  "resources": {
    "compile_events": [
      {
        "step": -1,
        "chunk_size": 1000000,
        "terms_after_zero_filter": 148,
        "n_steps": 187,
        "nnz_const_total": 248113,
        "nnz_cos_total": 100987,
        "nnz_sin_total": 51756,
        "nnz_total": 400856,
        "gpu_work_proxy_nnz_total": 400856,
        "max_step_rows": 6155,
        "max_step_cols": 6155,
        "max_step_nnz_total": 7184,
        "nnz_density_proxy": 5.6583612043916454e-05
      }
    ],
    "terms_after_zero_filter_last": 148,
    "nnz_total_last": 400856,
    "gpu_work_proxy_nnz_total_last": 400856,
    "terms_after_zero_filter_mean": 148.0,
    "nnz_total_mean": 400856.0,
    "nnz_total_std": 0.0,
    "rebuild_count": 0
  },
  "checkpoint": "/home/quantum/ys_lee/Pauli-Propagation---GPU-acceleration/QAOA/artifacts/weight_sweep_yz_xyz_cmp/q12/runs/qaoa_pps_q12_g01_p05_wmyz_mw04.pt"
}