{
  "config": {
    "n_qubits": 12,
    "p_layers": 3,
    "delta_t": 0.8,
    "steps": 10,
    "lr": 0.05,
    "seed": 121034,
    "device": "cuda",
    "preset": "hybrid",
    "build_min_abs": 0.001,
    "build_min_mat_abs": null,
    "rebuild_every": 10,
    "chunk_size": 1000000,
    "max_weight": 4,
    "weight_mode": "yz",
    "weight_x": 0.0,
    "weight_y": 1.0,
    "weight_z": 1.0
  },
  "graph": {
    "source": "edges_json",
    "params": {
      "edges_json": "/home/quantum/ys_lee/Pauli-Propagation---GPU-acceleration/QAOA/artifacts/weight_sweep_yz_xyz_cmp/q12/graphs/edges_graph_01.json"
    },
    "edges": [
      [
        0,
        4
      ],
      [
        0,
        6
      ],
      [
        1,
        3
      ],
      [
        1,
        5
      ],
      [
        1,
        6
      ],
      [
        1,
        10
      ],
      [
        2,
        3
      ],
      [
        2,
        5
      ],
      [
        2,
        10
      ],
      [
        3,
        5
      ],
      [
        3,
        7
      ],
      [
        4,
        5
      ],
      [
        4,
        8
      ],
      [
        4,
        10
      ],
      [
        5,
        7
      ],
      [
        5,
        9
      ],
      [
        5,
        10
      ],
      [
        6,
        7
      ],
      [
        6,
        8
      ],
      [
        6,
        9
      ],
      [
        6,
        11
      ],
      [
        7,
        9
      ],
      [
        9,
        11
      ]
    ]
  },
  "training": {
    "history_sum_zz": [
      8.105940818786621,
      6.511032581329346,
      4.844369411468506,
      3.2188477516174316,
      1.7150602340698242,
      0.381001740694046,
      -0.7705627679824829,
      -1.7660205364227295,
      -2.6643943786621094,
      -3.526745319366455
    ],
    "history_expected_cut": [
      7.4470295906066895,
      8.244483709335327,
      9.077815294265747,
      9.890576124191284,
      10.642469882965088,
      11.309499129652977,
      11.885281383991241,
      12.383010268211365,
      12.832197189331055,
      13.263372659683228
    ],
    "best_sum_zz": -3.526745319366455,
    "best_expected_cut": 13.263372659683228
  },
  "resources": {
    "compile_events": [
      {
        "step": -1,
        "chunk_size": 1000000,
        "terms_after_zero_filter": 86,
        "n_steps": 117,
        "nnz_const_total": 31567,
        "nnz_cos_total": 8968,
        "nnz_sin_total": 5782,
        "nnz_total": 46317,
        "gpu_work_proxy_nnz_total": 46317,
        "max_step_rows": 1384,
        "max_step_cols": 1384,
        "max_step_nnz_total": 1579,
        "nnz_density_proxy": 0.00020667235105990158
      }
    ],
    "terms_after_zero_filter_last": 86,
    "nnz_total_last": 46317,
    "gpu_work_proxy_nnz_total_last": 46317,
    "terms_after_zero_filter_mean": 86.0,
    "nnz_total_mean": 46317.0,
    "nnz_total_std": 0.0,
    "rebuild_count": 0
  },
  "checkpoint": "/home/quantum/ys_lee/Pauli-Propagation---GPU-acceleration/QAOA/artifacts/weight_sweep_yz_xyz_cmp/q12/runs/qaoa_pps_q12_g01_p03_wmyz_mw04.pt"
}