{
  "config": {
    "n_qubits": 12,
    "p_layers": 3,
    "delta_t": 0.8,
    "steps": 10,
    "lr": 0.05,
    "seed": 121036,
    "device": "cuda",
    "preset": "hybrid",
    "build_min_abs": 0.001,
    "build_min_mat_abs": null,
    "rebuild_every": 10,
    "chunk_size": 1000000,
    "max_weight": 6,
    "weight_mode": "xyz",
    "weight_x": 1.0,
    "weight_y": 1.0,
    "weight_z": 1.0
  },
  "graph": {
    "source": "edges_json",
    "params": {
      "edges_json": "/home/quantum/ys_lee/Pauli-Propagation---GPU-acceleration/QAOA/artifacts/weight_sweep_yz_xyz_cmp/q12/graphs/edges_graph_01.json"
    },
    "edges": [
      [
        0,
        4
      ],
      [
        0,
        6
      ],
      [
        1,
        3
      ],
      [
        1,
        5
      ],
      [
        1,
        6
      ],
      [
        1,
        10
      ],
      [
        2,
        3
      ],
      [
        2,
        5
      ],
      [
        2,
        10
      ],
      [
        3,
        5
      ],
      [
        3,
        7
      ],
      [
        4,
        5
      ],
      [
        4,
        8
      ],
      [
        4,
        10
      ],
      [
        5,
        7
      ],
      [
        5,
        9
      ],
      [
        5,
        10
      ],
      [
        6,
        7
      ],
      [
        6,
        8
      ],
      [
        6,
        9
      ],
      [
        6,
        11
      ],
      [
        7,
        9
      ],
      [
        9,
        11
      ]
    ]
  },
  "training": {
    "history_sum_zz": [
      8.109235763549805,
      6.512619495391846,
      4.844969749450684,
      3.219021797180176,
      1.715117335319519,
      0.38103732466697693,
      -0.7705782651901245,
      -1.7661298513412476,
      -2.664560317993164,
      -3.526872158050537
    ],
    "history_expected_cut": [
      7.445382118225098,
      8.243690252304077,
      9.077515125274658,
      9.890489101409912,
      10.64244133234024,
      11.309481337666512,
      11.885289132595062,
      12.383064925670624,
      12.832280158996582,
      13.263436079025269
    ],
    "best_sum_zz": -3.526872158050537,
    "best_expected_cut": 13.263436079025269
  },
  "resources": {
    "compile_events": [
      {
        "step": -1,
        "chunk_size": 1000000,
        "terms_after_zero_filter": 85,
        "n_steps": 117,
        "nnz_const_total": 33449,
        "nnz_cos_total": 9927,
        "nnz_sin_total": 6405,
        "nnz_total": 49781,
        "gpu_work_proxy_nnz_total": 49781,
        "max_step_rows": 1540,
        "max_step_cols": 1540,
        "max_step_nnz_total": 1737,
        "nnz_density_proxy": 0.0001794057313537833
      }
    ],
    "terms_after_zero_filter_last": 85,
    "nnz_total_last": 49781,
    "gpu_work_proxy_nnz_total_last": 49781,
    "terms_after_zero_filter_mean": 85.0,
    "nnz_total_mean": 49781.0,
    "nnz_total_std": 0.0,
    "rebuild_count": 0
  },
  "checkpoint": "/home/quantum/ys_lee/Pauli-Propagation---GPU-acceleration/QAOA/artifacts/weight_sweep_yz_xyz_cmp/q12/runs/qaoa_pps_q12_g01_p03_wmxyz_mw06.pt"
}