{
  "config": {
    "n_qubits": 12,
    "p_layers": 5,
    "delta_t": 0.8,
    "steps": 10,
    "lr": 0.05,
    "seed": 121056,
    "device": "cuda",
    "preset": "hybrid",
    "build_min_abs": 0.001,
    "build_min_mat_abs": null,
    "rebuild_every": 10,
    "chunk_size": 1000000,
    "max_weight": 6,
    "weight_mode": "yz",
    "weight_x": 0.0,
    "weight_y": 1.0,
    "weight_z": 1.0
  },
  "graph": {
    "source": "edges_json",
    "params": {
      "edges_json": "/home/quantum/ys_lee/Pauli-Propagation---GPU-acceleration/QAOA/artifacts/weight_sweep_yz_xyz_cmp/q12/graphs/edges_graph_01.json"
    },
    "edges": [
      [
        0,
        4
      ],
      [
        0,
        6
      ],
      [
        1,
        3
      ],
      [
        1,
        5
      ],
      [
        1,
        6
      ],
      [
        1,
        10
      ],
      [
        2,
        3
      ],
      [
        2,
        5
      ],
      [
        2,
        10
      ],
      [
        3,
        5
      ],
      [
        3,
        7
      ],
      [
        4,
        5
      ],
      [
        4,
        8
      ],
      [
        4,
        10
      ],
      [
        5,
        7
      ],
      [
        5,
        9
      ],
      [
        5,
        10
      ],
      [
        6,
        7
      ],
      [
        6,
        8
      ],
      [
        6,
        9
      ],
      [
        6,
        11
      ],
      [
        7,
        9
      ],
      [
        9,
        11
      ]
    ]
  },
  "training": {
    "history_sum_zz": [
      11.715381622314453,
      9.615174293518066,
      7.334264278411865,
      4.941464424133301,
      2.4327707290649414,
      -0.1374068707227707,
      -2.635363817214966,
      -4.725040912628174,
      -6.001672744750977,
      -6.321352481842041
    ],
    "history_expected_cut": [
      5.642309188842773,
      6.692412853240967,
      7.832867860794067,
      9.02926778793335,
      10.28361463546753,
      11.568703435361385,
      12.817681908607483,
      13.862520456314087,
      14.500836372375488,
      14.66067624092102
    ],
    "best_sum_zz": -6.321352481842041,
    "best_expected_cut": 14.66067624092102
  },
  "resources": {
    "compile_events": [
      {
        "step": -1,
        "chunk_size": 1000000,
        "terms_after_zero_filter": 149,
        "n_steps": 187,
        "nnz_const_total": 284260,
        "nnz_cos_total": 122087,
        "nnz_sin_total": 64865,
        "nnz_total": 471212,
        "gpu_work_proxy_nnz_total": 471212,
        "max_step_rows": 7695,
        "max_step_cols": 7695,
        "max_step_nnz_total": 9248,
        "nnz_density_proxy": 4.255567533291331e-05
      }
    ],
    "terms_after_zero_filter_last": 149,
    "nnz_total_last": 471212,
    "gpu_work_proxy_nnz_total_last": 471212,
    "terms_after_zero_filter_mean": 149.0,
    "nnz_total_mean": 471212.0,
    "nnz_total_std": 0.0,
    "rebuild_count": 0
  },
  "checkpoint": "/home/quantum/ys_lee/Pauli-Propagation---GPU-acceleration/QAOA/artifacts/weight_sweep_yz_xyz_cmp/q12/runs/qaoa_pps_q12_g01_p05_wmyz_mw06.pt"
}