{
  "config": {
    "n_qubits": 12,
    "p_layers": 5,
    "delta_t": 0.8,
    "steps": 10,
    "lr": 0.05,
    "seed": 121058,
    "device": "cuda",
    "preset": "hybrid",
    "build_min_abs": 0.001,
    "build_min_mat_abs": null,
    "rebuild_every": 10,
    "chunk_size": 1000000,
    "max_weight": 8,
    "weight_mode": "xyz",
    "weight_x": 1.0,
    "weight_y": 1.0,
    "weight_z": 1.0
  },
  "graph": {
    "source": "edges_json",
    "params": {
      "edges_json": "/home/quantum/ys_lee/Pauli-Propagation---GPU-acceleration/QAOA/artifacts/weight_sweep_yz_xyz_cmp/q12/graphs/edges_graph_01.json"
    },
    "edges": [
      [
        0,
        4
      ],
      [
        0,
        6
      ],
      [
        1,
        3
      ],
      [
        1,
        5
      ],
      [
        1,
        6
      ],
      [
        1,
        10
      ],
      [
        2,
        3
      ],
      [
        2,
        5
      ],
      [
        2,
        10
      ],
      [
        3,
        5
      ],
      [
        3,
        7
      ],
      [
        4,
        5
      ],
      [
        4,
        8
      ],
      [
        4,
        10
      ],
      [
        5,
        7
      ],
      [
        5,
        9
      ],
      [
        5,
        10
      ],
      [
        6,
        7
      ],
      [
        6,
        8
      ],
      [
        6,
        9
      ],
      [
        6,
        11
      ],
      [
        7,
        9
      ],
      [
        9,
        11
      ]
    ]
  },
  "training": {
    "history_sum_zz": [
      11.725086212158203,
      9.474079132080078,
      6.8409318923950195,
      4.042204856872559,
      1.3401637077331543,
      -1.0058467388153076,
      -2.8235867023468018,
      -4.104275703430176,
      -4.985779762268066,
      -5.634871482849121
    ],
    "history_expected_cut": [
      5.637456893920898,
      6.762960433959961,
      8.07953405380249,
      9.47889757156372,
      10.829918146133423,
      12.002923369407654,
      12.9117933511734,
      13.552137851715088,
      13.992889881134033,
      14.31743574142456
    ],
    "best_sum_zz": -5.634871482849121,
    "best_expected_cut": 14.31743574142456
  },
  "resources": {
    "compile_events": [
      {
        "step": -1,
        "chunk_size": 1000000,
        "terms_after_zero_filter": 149,
        "n_steps": 187,
        "nnz_const_total": 279107,
        "nnz_cos_total": 118395,
        "nnz_sin_total": 63357,
        "nnz_total": 460859,
        "gpu_work_proxy_nnz_total": 460859,
        "max_step_rows": 7158,
        "max_step_cols": 7158,
        "max_step_nnz_total": 8592,
        "nnz_density_proxy": 4.80997787264687e-05
      }
    ],
    "terms_after_zero_filter_last": 149,
    "nnz_total_last": 460859,
    "gpu_work_proxy_nnz_total_last": 460859,
    "terms_after_zero_filter_mean": 149.0,
    "nnz_total_mean": 460859.0,
    "nnz_total_std": 0.0,
    "rebuild_count": 0
  },
  "checkpoint": "/home/quantum/ys_lee/Pauli-Propagation---GPU-acceleration/QAOA/artifacts/weight_sweep_yz_xyz_cmp/q12/runs/qaoa_pps_q12_g01_p05_wmxyz_mw08.pt"
}