{
  "config": {
    "n_qubits": 12,
    "p_layers": 3,
    "delta_t": 0.8,
    "steps": 10,
    "lr": 0.05,
    "seed": 121032,
    "device": "cuda",
    "preset": "hybrid",
    "build_min_abs": 0.001,
    "build_min_mat_abs": null,
    "rebuild_every": 10,
    "chunk_size": 1000000,
    "max_weight": 2,
    "weight_mode": "yz",
    "weight_x": 0.0,
    "weight_y": 1.0,
    "weight_z": 1.0
  },
  "graph": {
    "source": "edges_json",
    "params": {
      "edges_json": "/home/quantum/ys_lee/Pauli-Propagation---GPU-acceleration/QAOA/artifacts/weight_sweep_yz_xyz_cmp/q12/graphs/edges_graph_01.json"
    },
    "edges": [
      [
        0,
        4
      ],
      [
        0,
        6
      ],
      [
        1,
        3
      ],
      [
        1,
        5
      ],
      [
        1,
        6
      ],
      [
        1,
        10
      ],
      [
        2,
        3
      ],
      [
        2,
        5
      ],
      [
        2,
        10
      ],
      [
        3,
        5
      ],
      [
        3,
        7
      ],
      [
        4,
        5
      ],
      [
        4,
        8
      ],
      [
        4,
        10
      ],
      [
        5,
        7
      ],
      [
        5,
        9
      ],
      [
        5,
        10
      ],
      [
        6,
        7
      ],
      [
        6,
        8
      ],
      [
        6,
        9
      ],
      [
        6,
        11
      ],
      [
        7,
        9
      ],
      [
        9,
        11
      ]
    ]
  },
  "training": {
    "history_sum_zz": [
      8.324502944946289,
      6.6742730140686035,
      4.945847034454346,
      3.2673563957214355,
      1.730202555656433,
      0.3848593533039093,
      -0.7604336738586426,
      -1.7384926080703735,
      -2.6127283573150635,
      -3.448198080062866
    ],
    "history_expected_cut": [
      7.3377485275268555,
      8.162863492965698,
      9.027076482772827,
      9.866321802139282,
      10.634898722171783,
      11.307570323348045,
      11.880216836929321,
      12.369246304035187,
      12.806364178657532,
      13.224099040031433
    ],
    "best_sum_zz": -3.448198080062866,
    "best_expected_cut": 13.224099040031433
  },
  "resources": {
    "compile_events": [
      {
        "step": -1,
        "chunk_size": 1000000,
        "terms_after_zero_filter": 69,
        "n_steps": 117,
        "nnz_const_total": 18178,
        "nnz_cos_total": 4396,
        "nnz_sin_total": 2224,
        "nnz_total": 24798,
        "gpu_work_proxy_nnz_total": 24798,
        "max_step_rows": 634,
        "max_step_cols": 634,
        "max_step_nnz_total": 703,
        "nnz_density_proxy": 0.0005272933304857197
      }
    ],
    "terms_after_zero_filter_last": 69,
    "nnz_total_last": 24798,
    "gpu_work_proxy_nnz_total_last": 24798,
    "terms_after_zero_filter_mean": 69.0,
    "nnz_total_mean": 24798.0,
    "nnz_total_std": 0.0,
    "rebuild_count": 0
  },
  "checkpoint": "/home/quantum/ys_lee/Pauli-Propagation---GPU-acceleration/QAOA/artifacts/weight_sweep_yz_xyz_cmp/q12/runs/qaoa_pps_q12_g01_p03_wmyz_mw02.pt"
}