{
  "config": {
    "n_qubits": 12,
    "p_layers": 3,
    "delta_t": 0.8,
    "steps": 10,
    "lr": 0.05,
    "seed": 121036,
    "device": "cuda",
    "preset": "hybrid",
    "build_min_abs": 0.001,
    "build_min_mat_abs": null,
    "rebuild_every": 10,
    "chunk_size": 1000000,
    "max_weight": 6,
    "weight_mode": "yz",
    "weight_x": 0.0,
    "weight_y": 1.0,
    "weight_z": 1.0
  },
  "graph": {
    "source": "edges_json",
    "params": {
      "edges_json": "/home/quantum/ys_lee/Pauli-Propagation---GPU-acceleration/QAOA/artifacts/weight_sweep_yz_xyz_cmp/q12/graphs/edges_graph_01.json"
    },
    "edges": [
      [
        0,
        4
      ],
      [
        0,
        6
      ],
      [
        1,
        3
      ],
      [
        1,
        5
      ],
      [
        1,
        6
      ],
      [
        1,
        10
      ],
      [
        2,
        3
      ],
      [
        2,
        5
      ],
      [
        2,
        10
      ],
      [
        3,
        5
      ],
      [
        3,
        7
      ],
      [
        4,
        5
      ],
      [
        4,
        8
      ],
      [
        4,
        10
      ],
      [
        5,
        7
      ],
      [
        5,
        9
      ],
      [
        5,
        10
      ],
      [
        6,
        7
      ],
      [
        6,
        8
      ],
      [
        6,
        9
      ],
      [
        6,
        11
      ],
      [
        7,
        9
      ],
      [
        9,
        11
      ]
    ]
  },
  "training": {
    "history_sum_zz": [
      8.108946800231934,
      6.512850761413574,
      4.845297336578369,
      3.2192118167877197,
      1.7151572704315186,
      0.38104814291000366,
      -0.770517110824585,
      -1.7661632299423218,
      -2.665156841278076,
      -3.5287833213806152
    ],
    "history_expected_cut": [
      7.445526599884033,
      8.243574619293213,
      9.077351331710815,
      9.89039409160614,
      10.64242136478424,
      11.309475928544998,
      11.885258555412292,
      12.383081614971161,
      12.832578420639038,
      13.264391660690308
    ],
    "best_sum_zz": -3.5287833213806152,
    "best_expected_cut": 13.264391660690308
  },
  "resources": {
    "compile_events": [
      {
        "step": -1,
        "chunk_size": 1000000,
        "terms_after_zero_filter": 85,
        "n_steps": 117,
        "nnz_const_total": 34045,
        "nnz_cos_total": 10168,
        "nnz_sin_total": 6577,
        "nnz_total": 50790,
        "gpu_work_proxy_nnz_total": 50790,
        "max_step_rows": 1559,
        "max_step_cols": 1559,
        "max_step_nnz_total": 1756,
        "nnz_density_proxy": 0.00017860767646509646
      }
    ],
    "terms_after_zero_filter_last": 85,
    "nnz_total_last": 50790,
    "gpu_work_proxy_nnz_total_last": 50790,
    "terms_after_zero_filter_mean": 85.0,
    "nnz_total_mean": 50790.0,
    "nnz_total_std": 0.0,
    "rebuild_count": 0
  },
  "checkpoint": "/home/quantum/ys_lee/Pauli-Propagation---GPU-acceleration/QAOA/artifacts/weight_sweep_yz_xyz_cmp/q12/runs/qaoa_pps_q12_g01_p03_wmyz_mw06.pt"
}