{
  "config": {
    "n_qubits": 12,
    "p_layers": 5,
    "delta_t": 0.8,
    "steps": 10,
    "lr": 0.05,
    "seed": 121056,
    "device": "cuda",
    "preset": "hybrid",
    "build_min_abs": 0.001,
    "build_min_mat_abs": null,
    "rebuild_every": 10,
    "chunk_size": 1000000,
    "max_weight": 6,
    "weight_mode": "xyz",
    "weight_x": 1.0,
    "weight_y": 1.0,
    "weight_z": 1.0
  },
  "graph": {
    "source": "edges_json",
    "params": {
      "edges_json": "/home/quantum/ys_lee/Pauli-Propagation---GPU-acceleration/QAOA/artifacts/weight_sweep_yz_xyz_cmp/q12/graphs/edges_graph_01.json"
    },
    "edges": [
      [
        0,
        4
      ],
      [
        0,
        6
      ],
      [
        1,
        3
      ],
      [
        1,
        5
      ],
      [
        1,
        6
      ],
      [
        1,
        10
      ],
      [
        2,
        3
      ],
      [
        2,
        5
      ],
      [
        2,
        10
      ],
      [
        3,
        5
      ],
      [
        3,
        7
      ],
      [
        4,
        5
      ],
      [
        4,
        8
      ],
      [
        4,
        10
      ],
      [
        5,
        7
      ],
      [
        5,
        9
      ],
      [
        5,
        10
      ],
      [
        6,
        7
      ],
      [
        6,
        8
      ],
      [
        6,
        9
      ],
      [
        6,
        11
      ],
      [
        7,
        9
      ],
      [
        9,
        11
      ]
    ]
  },
  "training": {
    "history_sum_zz": [
      11.706250190734863,
      9.598562240600586,
      7.354562759399414,
      5.05369758605957,
      2.6763763427734375,
      0.25642603635787964,
      -2.0954668521881104,
      -4.085880279541016,
      -5.357137203216553,
      -5.776594161987305
    ],
    "history_expected_cut": [
      5.646874904632568,
      6.700718879699707,
      7.822718620300293,
      8.973151206970215,
      10.161811828613281,
      11.37178698182106,
      12.547733426094055,
      13.542940139770508,
      14.178568601608276,
      14.388297080993652
    ],
    "best_sum_zz": -5.776594161987305,
    "best_expected_cut": 14.388297080993652
  },
  "resources": {
    "compile_events": [
      {
        "step": -1,
        "chunk_size": 1000000,
        "terms_after_zero_filter": 148,
        "n_steps": 187,
        "nnz_const_total": 267229,
        "nnz_cos_total": 110701,
        "nnz_sin_total": 57792,
        "nnz_total": 435722,
        "gpu_work_proxy_nnz_total": 435722,
        "max_step_rows": 6630,
        "max_step_cols": 6630,
        "max_step_nnz_total": 7715,
        "nnz_density_proxy": 5.3007927563658825e-05
      }
    ],
    "terms_after_zero_filter_last": 148,
    "nnz_total_last": 435722,
    "gpu_work_proxy_nnz_total_last": 435722,
    "terms_after_zero_filter_mean": 148.0,
    "nnz_total_mean": 435722.0,
    "nnz_total_std": 0.0,
    "rebuild_count": 0
  },
  "checkpoint": "/home/quantum/ys_lee/Pauli-Propagation---GPU-acceleration/QAOA/artifacts/weight_sweep_yz_xyz_cmp/q12/runs/qaoa_pps_q12_g01_p05_wmxyz_mw06.pt"
}