{
  "config": {
    "n_qubits": 12,
    "p_layers": 5,
    "delta_t": 0.8,
    "steps": 10,
    "lr": 0.05,
    "seed": 121054,
    "device": "cuda",
    "preset": "hybrid",
    "build_min_abs": 0.001,
    "build_min_mat_abs": null,
    "rebuild_every": 10,
    "chunk_size": 1000000,
    "max_weight": 4,
    "weight_mode": "xyz",
    "weight_x": 1.0,
    "weight_y": 1.0,
    "weight_z": 1.0
  },
  "graph": {
    "source": "edges_json",
    "params": {
      "edges_json": "/home/quantum/ys_lee/Pauli-Propagation---GPU-acceleration/QAOA/artifacts/weight_sweep_yz_xyz_cmp/q12/graphs/edges_graph_01.json"
    },
    "edges": [
      [
        0,
        4
      ],
      [
        0,
        6
      ],
      [
        1,
        3
      ],
      [
        1,
        5
      ],
      [
        1,
        6
      ],
      [
        1,
        10
      ],
      [
        2,
        3
      ],
      [
        2,
        5
      ],
      [
        2,
        10
      ],
      [
        3,
        5
      ],
      [
        3,
        7
      ],
      [
        4,
        5
      ],
      [
        4,
        8
      ],
      [
        4,
        10
      ],
      [
        5,
        7
      ],
      [
        5,
        9
      ],
      [
        5,
        10
      ],
      [
        6,
        7
      ],
      [
        6,
        8
      ],
      [
        6,
        9
      ],
      [
        6,
        11
      ],
      [
        7,
        9
      ],
      [
        9,
        11
      ]
    ]
  },
  "training": {
    "history_sum_zz": [
      11.769163131713867,
      9.643380165100098,
      7.2025299072265625,
      4.594885349273682,
      2.017446994781494,
      -0.34514325857162476,
      -2.39396071434021,
      -4.117612838745117,
      -5.541095733642578,
      -6.675580978393555
    ],
    "history_expected_cut": [
      5.615418434143066,
      6.678309917449951,
      7.898735046386719,
      9.20255732536316,
      10.491276502609253,
      11.672571629285812,
      12.696980357170105,
      13.558806419372559,
      14.270547866821289,
      14.837790489196777
    ],
    "best_sum_zz": -6.675580978393555,
    "best_expected_cut": 14.837790489196777
  },
  "resources": {
    "compile_events": [
      {
        "step": -1,
        "chunk_size": 1000000,
        "terms_after_zero_filter": 108,
        "n_steps": 187,
        "nnz_const_total": 133579,
        "nnz_cos_total": 45714,
        "nnz_sin_total": 22171,
        "nnz_total": 201464,
        "gpu_work_proxy_nnz_total": 201464,
        "max_step_rows": 2629,
        "max_step_cols": 2629,
        "max_step_nnz_total": 2975,
        "nnz_density_proxy": 0.00015587435655047588
      }
    ],
    "terms_after_zero_filter_last": 108,
    "nnz_total_last": 201464,
    "gpu_work_proxy_nnz_total_last": 201464,
    "terms_after_zero_filter_mean": 108.0,
    "nnz_total_mean": 201464.0,
    "nnz_total_std": 0.0,
    "rebuild_count": 0
  },
  "checkpoint": "/home/quantum/ys_lee/Pauli-Propagation---GPU-acceleration/QAOA/artifacts/weight_sweep_yz_xyz_cmp/q12/runs/qaoa_pps_q12_g01_p05_wmxyz_mw04.pt"
}