{
  "config": {
    "n_qubits": 12,
    "p_layers": 3,
    "delta_t": 0.8,
    "steps": 10,
    "lr": 0.05,
    "seed": 121034,
    "device": "cuda",
    "preset": "hybrid",
    "build_min_abs": 0.001,
    "build_min_mat_abs": null,
    "rebuild_every": 10,
    "chunk_size": 1000000,
    "max_weight": 4,
    "weight_mode": "xyz",
    "weight_x": 1.0,
    "weight_y": 1.0,
    "weight_z": 1.0
  },
  "graph": {
    "source": "edges_json",
    "params": {
      "edges_json": "/home/quantum/ys_lee/Pauli-Propagation---GPU-acceleration/QAOA/artifacts/weight_sweep_yz_xyz_cmp/q12/graphs/edges_graph_01.json"
    },
    "edges": [
      [
        0,
        4
      ],
      [
        0,
        6
      ],
      [
        1,
        3
      ],
      [
        1,
        5
      ],
      [
        1,
        6
      ],
      [
        1,
        10
      ],
      [
        2,
        3
      ],
      [
        2,
        5
      ],
      [
        2,
        10
      ],
      [
        3,
        5
      ],
      [
        3,
        7
      ],
      [
        4,
        5
      ],
      [
        4,
        8
      ],
      [
        4,
        10
      ],
      [
        5,
        7
      ],
      [
        5,
        9
      ],
      [
        5,
        10
      ],
      [
        6,
        7
      ],
      [
        6,
        8
      ],
      [
        6,
        9
      ],
      [
        6,
        11
      ],
      [
        7,
        9
      ],
      [
        9,
        11
      ]
    ]
  },
  "training": {
    "history_sum_zz": [
      8.080745697021484,
      6.49458122253418,
      4.837316513061523,
      3.2179956436157227,
      1.7163772583007812,
      0.3817204236984253,
      -0.7715901732444763,
      -1.7691211700439453,
      -2.6699318885803223,
      -3.535858392715454
    ],
    "history_expected_cut": [
      7.459627151489258,
      8.25270938873291,
      9.081341743469238,
      9.891002178192139,
      10.64181137084961,
      11.309139788150787,
      11.885795086622238,
      12.384560585021973,
      12.834965944290161,
      13.267929196357727
    ],
    "best_sum_zz": -3.535858392715454,
    "best_expected_cut": 13.267929196357727
  },
  "resources": {
    "compile_events": [
      {
        "step": -1,
        "chunk_size": 1000000,
        "terms_after_zero_filter": 86,
        "n_steps": 117,
        "nnz_const_total": 25424,
        "nnz_cos_total": 6742,
        "nnz_sin_total": 4030,
        "nnz_total": 36196,
        "gpu_work_proxy_nnz_total": 36196,
        "max_step_rows": 1038,
        "max_step_cols": 1038,
        "max_step_nnz_total": 1219,
        "nnz_density_proxy": 0.0002871309519265237
      }
    ],
    "terms_after_zero_filter_last": 86,
    "nnz_total_last": 36196,
    "gpu_work_proxy_nnz_total_last": 36196,
    "terms_after_zero_filter_mean": 86.0,
    "nnz_total_mean": 36196.0,
    "nnz_total_std": 0.0,
    "rebuild_count": 0
  },
  "checkpoint": "/home/quantum/ys_lee/Pauli-Propagation---GPU-acceleration/QAOA/artifacts/weight_sweep_yz_xyz_cmp/q12/runs/qaoa_pps_q12_g01_p03_wmxyz_mw04.pt"
}