{
  "config": {
    "n_qubits": 12,
    "p_layers": 3,
    "delta_t": 0.8,
    "steps": 10,
    "lr": 0.05,
    "seed": 121032,
    "device": "cuda",
    "preset": "hybrid",
    "build_min_abs": 0.001,
    "build_min_mat_abs": null,
    "rebuild_every": 10,
    "chunk_size": 1000000,
    "max_weight": 2,
    "weight_mode": "xyz",
    "weight_x": 1.0,
    "weight_y": 1.0,
    "weight_z": 1.0
  },
  "graph": {
    "source": "edges_json",
    "params": {
      "edges_json": "/home/quantum/ys_lee/Pauli-Propagation---GPU-acceleration/QAOA/artifacts/weight_sweep_yz_xyz_cmp/q12/graphs/edges_graph_01.json"
    },
    "edges": [
      [
        0,
        4
      ],
      [
        0,
        6
      ],
      [
        1,
        3
      ],
      [
        1,
        5
      ],
      [
        1,
        6
      ],
      [
        1,
        10
      ],
      [
        2,
        3
      ],
      [
        2,
        5
      ],
      [
        2,
        10
      ],
      [
        3,
        5
      ],
      [
        3,
        7
      ],
      [
        4,
        5
      ],
      [
        4,
        8
      ],
      [
        4,
        10
      ],
      [
        5,
        7
      ],
      [
        5,
        9
      ],
      [
        5,
        10
      ],
      [
        6,
        7
      ],
      [
        6,
        8
      ],
      [
        6,
        9
      ],
      [
        6,
        11
      ],
      [
        7,
        9
      ],
      [
        9,
        11
      ]
    ]
  },
  "training": {
    "history_sum_zz": [
      7.781233787536621,
      6.439915657043457,
      4.8878021240234375,
      3.274803400039673,
      1.7364150285720825,
      0.3793115019798279,
      -0.7399218082427979,
      -1.6410826444625854,
      -2.420987844467163,
      -3.1883692741394043
    ],
    "history_expected_cut": [
      7.6093831062316895,
      8.280042171478271,
      9.056098937988281,
      9.862598299980164,
      10.631792485713959,
      11.310344249010086,
      11.869960904121399,
      12.320541322231293,
      12.710493922233582,
      13.094184637069702
    ],
    "best_sum_zz": -3.1883692741394043,
    "best_expected_cut": 13.094184637069702
  },
  "resources": {
    "compile_events": [
      {
        "step": -1,
        "chunk_size": 1000000,
        "terms_after_zero_filter": 12,
        "n_steps": 117,
        "nnz_const_total": 4896,
        "nnz_cos_total": 769,
        "nnz_sin_total": 333,
        "nnz_total": 5998,
        "gpu_work_proxy_nnz_total": 5998,
        "max_step_rows": 104,
        "max_step_cols": 104,
        "max_step_nnz_total": 120,
        "nnz_density_proxy": 0.004739733474940576
      }
    ],
    "terms_after_zero_filter_last": 12,
    "nnz_total_last": 5998,
    "gpu_work_proxy_nnz_total_last": 5998,
    "terms_after_zero_filter_mean": 12.0,
    "nnz_total_mean": 5998.0,
    "nnz_total_std": 0.0,
    "rebuild_count": 0
  },
  "checkpoint": "/home/quantum/ys_lee/Pauli-Propagation---GPU-acceleration/QAOA/artifacts/weight_sweep_yz_xyz_cmp/q12/runs/qaoa_pps_q12_g01_p03_wmxyz_mw02.pt"
}