{
  "config": {
    "n_qubits": 12,
    "p_layers": 5,
    "delta_t": 0.8,
    "steps": 10,
    "lr": 0.05,
    "seed": 121052,
    "device": "cuda",
    "preset": "hybrid",
    "build_min_abs": 0.001,
    "build_min_mat_abs": null,
    "rebuild_every": 10,
    "chunk_size": 1000000,
    "max_weight": 2,
    "weight_mode": "xyz",
    "weight_x": 1.0,
    "weight_y": 1.0,
    "weight_z": 1.0
  },
  "graph": {
    "source": "edges_json",
    "params": {
      "edges_json": "/home/quantum/ys_lee/Pauli-Propagation---GPU-acceleration/QAOA/artifacts/weight_sweep_yz_xyz_cmp/q12/graphs/edges_graph_01.json"
    },
    "edges": [
      [
        0,
        4
      ],
      [
        0,
        6
      ],
      [
        1,
        3
      ],
      [
        1,
        5
      ],
      [
        1,
        6
      ],
      [
        1,
        10
      ],
      [
        2,
        3
      ],
      [
        2,
        5
      ],
      [
        2,
        10
      ],
      [
        3,
        5
      ],
      [
        3,
        7
      ],
      [
        4,
        5
      ],
      [
        4,
        8
      ],
      [
        4,
        10
      ],
      [
        5,
        7
      ],
      [
        5,
        9
      ],
      [
        5,
        10
      ],
      [
        6,
        7
      ],
      [
        6,
        8
      ],
      [
        6,
        9
      ],
      [
        6,
        11
      ],
      [
        7,
        9
      ],
      [
        9,
        11
      ]
    ]
  },
  "training": {
    "history_sum_zz": [
      10.48450756072998,
      9.18893814086914,
      7.246621131896973,
      4.926920413970947,
      2.505525588989258,
      0.1423204243183136,
      -2.1064393520355225,
      -4.125882148742676,
      -5.79668664932251,
      -7.055393218994141
    ],
    "history_expected_cut": [
      6.25774621963501,
      6.90553092956543,
      7.876689434051514,
      9.036539793014526,
      10.247237205505371,
      11.428839787840843,
      12.553219676017761,
      13.562941074371338,
      14.398343324661255,
      15.02769660949707
    ],
    "best_sum_zz": -7.055393218994141,
    "best_expected_cut": 15.02769660949707
  },
  "resources": {
    "compile_events": [
      {
        "step": -1,
        "chunk_size": 1000000,
        "terms_after_zero_filter": 12,
        "n_steps": 187,
        "nnz_const_total": 10947,
        "nnz_cos_total": 1932,
        "nnz_sin_total": 874,
        "nnz_total": 13753,
        "gpu_work_proxy_nnz_total": 13753,
        "max_step_rows": 104,
        "max_step_cols": 104,
        "max_step_nnz_total": 131,
        "nnz_density_proxy": 0.006799690693921463
      }
    ],
    "terms_after_zero_filter_last": 12,
    "nnz_total_last": 13753,
    "gpu_work_proxy_nnz_total_last": 13753,
    "terms_after_zero_filter_mean": 12.0,
    "nnz_total_mean": 13753.0,
    "nnz_total_std": 0.0,
    "rebuild_count": 0
  },
  "checkpoint": "/home/quantum/ys_lee/Pauli-Propagation---GPU-acceleration/QAOA/artifacts/weight_sweep_yz_xyz_cmp/q12/runs/qaoa_pps_q12_g01_p05_wmxyz_mw02.pt"
}