{
  "config": {
    "n_qubits": 16,
    "p_layers": 3,
    "delta_t": 0.8,
    "steps": 10,
    "lr": 0.05,
    "seed": 161032,
    "device": "cuda",
    "preset": "hybrid",
    "build_min_abs": null,
    "no_build_min_abs": true,
    "build_min_mat_abs": null,
    "rebuild_every": 10,
    "chunk_size": 1000000,
    "max_weight": 2,
    "weight_mode": "xyz",
    "weight_x": 1.0,
    "weight_y": 1.0,
    "weight_z": 1.0
  },
  "graph": {
    "source": "edges_json",
    "params": {
      "edges_json": "/home/quantum/ys_lee/Pauli-Propagation---GPU-acceleration/QAOA/artifacts/weight_sweep_yz_xyz_no_minabs_q16q20_p3_full/q16/graphs/edges_graph_01.json"
    },
    "edges": [
      [
        0,
        1
      ],
      [
        0,
        2
      ],
      [
        0,
        4
      ],
      [
        0,
        7
      ],
      [
        0,
        15
      ],
      [
        1,
        4
      ],
      [
        1,
        5
      ],
      [
        1,
        6
      ],
      [
        1,
        12
      ],
      [
        2,
        9
      ],
      [
        2,
        10
      ],
      [
        3,
        4
      ],
      [
        3,
        6
      ],
      [
        3,
        10
      ],
      [
        3,
        11
      ],
      [
        3,
        14
      ],
      [
        4,
        8
      ],
      [
        4,
        10
      ],
      [
        4,
        13
      ],
      [
        4,
        14
      ],
      [
        5,
        7
      ],
      [
        5,
        9
      ],
      [
        5,
        10
      ],
      [
        5,
        11
      ],
      [
        5,
        13
      ],
      [
        6,
        7
      ],
      [
        6,
        10
      ],
      [
        6,
        11
      ],
      [
        6,
        12
      ],
      [
        6,
        15
      ],
      [
        8,
        10
      ],
      [
        8,
        11
      ],
      [
        8,
        12
      ],
      [
        8,
        13
      ],
      [
        9,
        10
      ],
      [
        9,
        12
      ],
      [
        9,
        13
      ],
      [
        9,
        14
      ],
      [
        10,
        11
      ],
      [
        10,
        12
      ],
      [
        10,
        13
      ],
      [
        14,
        15
      ]
    ]
  },
  "training": {
    "history_sum_zz": [
      12.272568702697754,
      10.071483612060547,
      7.494444847106934,
      4.7707695960998535,
      2.1099696159362793,
      -0.327792763710022,
      -2.491631269454956,
      -4.484593391418457,
      -6.464787006378174,
      -8.456310272216797
    ],
    "history_expected_cut": [
      14.863715648651123,
      15.964258193969727,
      17.252777576446533,
      18.614615201950073,
      19.94501519203186,
      21.16389638185501,
      22.245815634727478,
      23.24229669570923,
      24.232393503189087,
      25.2281551361084
    ],
    "best_sum_zz": -8.456310272216797,
    "best_expected_cut": 25.2281551361084
  },
  "resources": {
    "compile_events": [
      {
        "step": -1,
        "chunk_size": 1000000,
        "terms_after_zero_filter": 16,
        "n_steps": 190,
        "nnz_const_total": 21833,
        "nnz_cos_total": 2936,
        "nnz_sin_total": 1118,
        "nnz_total": 25887,
        "gpu_work_proxy_nnz_total": 25887,
        "max_step_rows": 184,
        "max_step_cols": 184,
        "max_step_nnz_total": 224,
        "nnz_density_proxy": 0.004024319719430902
      }
    ],
    "terms_after_zero_filter_last": 16,
    "nnz_total_last": 25887,
    "gpu_work_proxy_nnz_total_last": 25887,
    "terms_after_zero_filter_mean": 16.0,
    "nnz_total_mean": 25887.0,
    "nnz_total_std": 0.0,
    "rebuild_count": 0
  },
  "checkpoint": "/home/quantum/ys_lee/Pauli-Propagation---GPU-acceleration/QAOA/artifacts/weight_sweep_yz_xyz_no_minabs_q16q20_p3_full/q16/runs/qaoa_pps_q16_g01_p03_wmxyz_mw02.pt"
}