{
  "config": {
    "n_qubits": 16,
    "p_layers": 3,
    "delta_t": 0.8,
    "steps": 10,
    "lr": 0.05,
    "seed": 161032,
    "device": "cuda",
    "preset": "hybrid",
    "build_min_abs": null,
    "no_build_min_abs": true,
    "build_min_mat_abs": null,
    "rebuild_every": 10,
    "chunk_size": 1000000,
    "max_weight": 2,
    "weight_mode": "yz",
    "weight_x": 0.0,
    "weight_y": 1.0,
    "weight_z": 1.0
  },
  "graph": {
    "source": "edges_json",
    "params": {
      "edges_json": "/home/quantum/ys_lee/Pauli-Propagation---GPU-acceleration/QAOA/artifacts/weight_sweep_yz_xyz_no_minabs_q16q20_p3_full/q16/graphs/edges_graph_01.json"
    },
    "edges": [
      [
        0,
        1
      ],
      [
        0,
        2
      ],
      [
        0,
        4
      ],
      [
        0,
        7
      ],
      [
        0,
        15
      ],
      [
        1,
        4
      ],
      [
        1,
        5
      ],
      [
        1,
        6
      ],
      [
        1,
        12
      ],
      [
        2,
        9
      ],
      [
        2,
        10
      ],
      [
        3,
        4
      ],
      [
        3,
        6
      ],
      [
        3,
        10
      ],
      [
        3,
        11
      ],
      [
        3,
        14
      ],
      [
        4,
        8
      ],
      [
        4,
        10
      ],
      [
        4,
        13
      ],
      [
        4,
        14
      ],
      [
        5,
        7
      ],
      [
        5,
        9
      ],
      [
        5,
        10
      ],
      [
        5,
        11
      ],
      [
        5,
        13
      ],
      [
        6,
        7
      ],
      [
        6,
        10
      ],
      [
        6,
        11
      ],
      [
        6,
        12
      ],
      [
        6,
        15
      ],
      [
        8,
        10
      ],
      [
        8,
        11
      ],
      [
        8,
        12
      ],
      [
        8,
        13
      ],
      [
        9,
        10
      ],
      [
        9,
        12
      ],
      [
        9,
        13
      ],
      [
        9,
        14
      ],
      [
        10,
        11
      ],
      [
        10,
        12
      ],
      [
        10,
        13
      ],
      [
        14,
        15
      ]
    ]
  },
  "training": {
    "history_sum_zz": [
      12.869728088378906,
      10.09019947052002,
      7.0770111083984375,
      4.090429306030273,
      1.3403146266937256,
      -1.0085501670837402,
      -2.837578296661377,
      -4.105035781860352,
      -4.928783416748047,
      -5.514584541320801
    ],
    "history_expected_cut": [
      14.565135955810547,
      15.95490026473999,
      17.46149444580078,
      18.954785346984863,
      20.329842686653137,
      21.50427508354187,
      22.41878914833069,
      23.052517890930176,
      23.464391708374023,
      23.7572922706604
    ],
    "best_sum_zz": -5.514584541320801,
    "best_expected_cut": 23.7572922706604
  },
  "resources": {
    "compile_events": [
      {
        "step": -1,
        "chunk_size": 1000000,
        "terms_after_zero_filter": 7090,
        "n_steps": 190,
        "nnz_const_total": 3178148,
        "nnz_cos_total": 1445796,
        "nnz_sin_total": 490707,
        "nnz_total": 5114651,
        "gpu_work_proxy_nnz_total": 5114651,
        "max_step_rows": 101359,
        "max_step_cols": 101359,
        "max_step_nnz_total": 108092,
        "nnz_density_proxy": 2.6202200738724886e-06
      }
    ],
    "terms_after_zero_filter_last": 7090,
    "nnz_total_last": 5114651,
    "gpu_work_proxy_nnz_total_last": 5114651,
    "terms_after_zero_filter_mean": 7090.0,
    "nnz_total_mean": 5114651.0,
    "nnz_total_std": 0.0,
    "rebuild_count": 0
  },
  "checkpoint": "/home/quantum/ys_lee/Pauli-Propagation---GPU-acceleration/QAOA/artifacts/weight_sweep_yz_xyz_no_minabs_q16q20_p3_full/q16/runs/qaoa_pps_q16_g01_p03_wmyz_mw02.pt"
}