{
  "run_name": "qaoa_pps_q12_g01_p05_wmyz_mw04",
  "n_qubits": 12,
  "p_layers": 5,
  "weight_mode": "yz",
  "max_weight": 4,
  "match_tol": 0.001,
  "steps": [
    0,
    5,
    9
  ],
  "expval_comparison": [
    {
      "step": 0,
      "checkpoint": "/home/quantum/ys_lee/Pauli-Propagation---GPU-acceleration/QAOA/artifacts/weight_sweep_yz_xyz_cmp/q12/runs/qaoa_pps_q12_g01_p05_wmyz_mw04_steps/step_000000.pt",
      "approx_sum_zz": 9.646036148071289,
      "exact_sum_zz": 9.723374038843225,
      "abs_error_sum_zz": 0.0773378907719362,
      "rel_error_sum_zz": 0.00795381217085597,
      "approx_expected_cut": 6.6769819259643555,
      "exact_expected_cut": 6.638312980578387,
      "match_within_tol": false
    },
    {
      "step": 5,
      "checkpoint": "/home/quantum/ys_lee/Pauli-Propagation---GPU-acceleration/QAOA/artifacts/weight_sweep_yz_xyz_cmp/q12/runs/qaoa_pps_q12_g01_p05_wmyz_mw04_steps/step_000005.pt",
      "approx_sum_zz": -1.4469358921051025,
      "exact_sum_zz": -2.0440116706036706,
      "abs_error_sum_zz": 0.5970757784985681,
      "rel_error_sum_zz": 0.29210976976576164,
      "approx_expected_cut": 12.223467946052551,
      "exact_expected_cut": 12.522005835301835,
      "match_within_tol": false
    },
    {
      "step": 9,
      "checkpoint": "/home/quantum/ys_lee/Pauli-Propagation---GPU-acceleration/QAOA/artifacts/weight_sweep_yz_xyz_cmp/q12/runs/qaoa_pps_q12_g01_p05_wmyz_mw04_steps/step_000009.pt",
      "approx_sum_zz": -4.79988956451416,
      "exact_sum_zz": -5.759464505992549,
      "abs_error_sum_zz": 0.9595749414783885,
      "rel_error_sum_zz": 0.16660836098216766,
      "approx_expected_cut": 13.89994478225708,
      "exact_expected_cut": 14.379732252996273,
      "match_within_tol": false
    }
  ],
  "summary": {
    "mean_abs_error_sum_zz": 0.5446628702496309,
    "max_abs_error_sum_zz": 0.9595749414783885,
    "n_match_within_tol": 0,
    "n_total": 3
  }
}