{
  "run_name": "qaoa_pps_q08_g01_p05_wmxyz_mw06",
  "n_qubits": 8,
  "p_layers": 5,
  "weight_mode": "xyz",
  "max_weight": 6,
  "match_tol": 0.001,
  "steps": [
    0,
    5,
    9
  ],
  "expval_comparison": [
    {
      "step": 0,
      "checkpoint": "/home/quantum/ys_lee/Pauli-Propagation---GPU-acceleration/QAOA/artifacts/weight_sweep_yz_xyz_cmp/q08/runs/qaoa_pps_q08_g01_p05_wmxyz_mw06_steps/step_000000.pt",
      "approx_sum_zz": 5.010446548461914,
      "exact_sum_zz": 5.024907558602516,
      "abs_error_sum_zz": 0.014461010140601971,
      "rel_error_sum_zz": 0.0028778659053826936,
      "approx_expected_cut": 2.494776725769043,
      "exact_expected_cut": 2.487546220698742,
      "match_within_tol": false
    },
    {
      "step": 5,
      "checkpoint": "/home/quantum/ys_lee/Pauli-Propagation---GPU-acceleration/QAOA/artifacts/weight_sweep_yz_xyz_cmp/q08/runs/qaoa_pps_q08_g01_p05_wmxyz_mw06_steps/step_000005.pt",
      "approx_sum_zz": -1.1479982137680054,
      "exact_sum_zz": -1.2019662698981992,
      "abs_error_sum_zz": 0.05396805613019384,
      "rel_error_sum_zz": 0.04489980915584651,
      "approx_expected_cut": 5.573999106884003,
      "exact_expected_cut": 5.600983134949099,
      "match_within_tol": false
    },
    {
      "step": 9,
      "checkpoint": "/home/quantum/ys_lee/Pauli-Propagation---GPU-acceleration/QAOA/artifacts/weight_sweep_yz_xyz_cmp/q08/runs/qaoa_pps_q08_g01_p05_wmxyz_mw06_steps/step_000009.pt",
      "approx_sum_zz": -4.221540451049805,
      "exact_sum_zz": -4.250163647332485,
      "abs_error_sum_zz": 0.028623196282680397,
      "rel_error_sum_zz": 0.006734610395683251,
      "approx_expected_cut": 7.110770225524902,
      "exact_expected_cut": 7.1250818236662425,
      "match_within_tol": false
    }
  ],
  "summary": {
    "mean_abs_error_sum_zz": 0.03235075418449207,
    "max_abs_error_sum_zz": 0.05396805613019384,
    "n_match_within_tol": 0,
    "n_total": 3
  }
}