{
  "run_name": "qaoa_pps_q12_g01_p03_wmyz_mw04",
  "n_qubits": 12,
  "p_layers": 3,
  "weight_mode": "yz",
  "max_weight": 4,
  "match_tol": 0.001,
  "steps": [
    0,
    5,
    9
  ],
  "expval_comparison": [
    {
      "step": 0,
      "checkpoint": "/home/quantum/ys_lee/Pauli-Propagation---GPU-acceleration/QAOA/artifacts/weight_sweep_yz_xyz_cmp/q12/runs/qaoa_pps_q12_g01_p03_wmyz_mw04_steps/step_000000.pt",
      "approx_sum_zz": 6.509784698486328,
      "exact_sum_zz": 6.522093792088674,
      "abs_error_sum_zz": 0.012309093602345555,
      "rel_error_sum_zz": 0.0018872917186926286,
      "approx_expected_cut": 8.245107650756836,
      "exact_expected_cut": 8.238953103955662,
      "match_within_tol": false
    },
    {
      "step": 5,
      "checkpoint": "/home/quantum/ys_lee/Pauli-Propagation---GPU-acceleration/QAOA/artifacts/weight_sweep_yz_xyz_cmp/q12/runs/qaoa_pps_q12_g01_p03_wmyz_mw04_steps/step_000005.pt",
      "approx_sum_zz": -0.7706098556518555,
      "exact_sum_zz": -0.7710391090326527,
      "abs_error_sum_zz": 0.0004292533807972454,
      "rel_error_sum_zz": 0.0005567206329336363,
      "approx_expected_cut": 11.885304927825928,
      "exact_expected_cut": 11.885519554516327,
      "match_within_tol": true
    },
    {
      "step": 9,
      "checkpoint": "/home/quantum/ys_lee/Pauli-Propagation---GPU-acceleration/QAOA/artifacts/weight_sweep_yz_xyz_cmp/q12/runs/qaoa_pps_q12_g01_p03_wmyz_mw04_steps/step_000009.pt",
      "approx_sum_zz": -4.431905746459961,
      "exact_sum_zz": -4.444395525139495,
      "abs_error_sum_zz": 0.012489778679533714,
      "rel_error_sum_zz": 0.002810231134669703,
      "approx_expected_cut": 13.71595287322998,
      "exact_expected_cut": 13.722197762569747,
      "match_within_tol": false
    }
  ],
  "summary": {
    "mean_abs_error_sum_zz": 0.008409375220892171,
    "max_abs_error_sum_zz": 0.012489778679533714,
    "n_match_within_tol": 1,
    "n_total": 3
  }
}