{
  "run_name": "qaoa_pps_q12_g01_p05_wmyz_mw06",
  "n_qubits": 12,
  "p_layers": 5,
  "weight_mode": "yz",
  "max_weight": 6,
  "match_tol": 0.001,
  "steps": [
    0,
    5,
    9
  ],
  "expval_comparison": [
    {
      "step": 0,
      "checkpoint": "/home/quantum/ys_lee/Pauli-Propagation---GPU-acceleration/QAOA/artifacts/weight_sweep_yz_xyz_cmp/q12/runs/qaoa_pps_q12_g01_p05_wmyz_mw06_steps/step_000000.pt",
      "approx_sum_zz": 9.648252487182617,
      "exact_sum_zz": 9.723374045132083,
      "abs_error_sum_zz": 0.07512155794946551,
      "rel_error_sum_zz": 0.00772587350859699,
      "approx_expected_cut": 6.675873756408691,
      "exact_expected_cut": 6.638312977433959,
      "match_within_tol": false
    },
    {
      "step": 5,
      "checkpoint": "/home/quantum/ys_lee/Pauli-Propagation---GPU-acceleration/QAOA/artifacts/weight_sweep_yz_xyz_cmp/q12/runs/qaoa_pps_q12_g01_p05_wmyz_mw06_steps/step_000005.pt",
      "approx_sum_zz": -1.2958495616912842,
      "exact_sum_zz": -1.9995852919941433,
      "abs_error_sum_zz": 0.7037357303028591,
      "rel_error_sum_zz": 0.35194084149370725,
      "approx_expected_cut": 12.147924780845642,
      "exact_expected_cut": 12.499792645997072,
      "match_within_tol": false
    },
    {
      "step": 9,
      "checkpoint": "/home/quantum/ys_lee/Pauli-Propagation---GPU-acceleration/QAOA/artifacts/weight_sweep_yz_xyz_cmp/q12/runs/qaoa_pps_q12_g01_p05_wmyz_mw06_steps/step_000009.pt",
      "approx_sum_zz": -4.974640369415283,
      "exact_sum_zz": -5.668760258291293,
      "abs_error_sum_zz": 0.6941198888760098,
      "rel_error_sum_zz": 0.12244650633456759,
      "approx_expected_cut": 13.987320184707642,
      "exact_expected_cut": 14.334380129145647,
      "match_within_tol": false
    }
  ],
  "summary": {
    "mean_abs_error_sum_zz": 0.4909923923761115,
    "max_abs_error_sum_zz": 0.7037357303028591,
    "n_match_within_tol": 0,
    "n_total": 3
  }
}