{
  "run_name": "qaoa_pps_q12_g01_p05_wmxyz_mw08",
  "n_qubits": 12,
  "p_layers": 5,
  "weight_mode": "xyz",
  "max_weight": 8,
  "match_tol": 0.001,
  "steps": [
    0,
    5,
    9
  ],
  "expval_comparison": [
    {
      "step": 0,
      "checkpoint": "/home/quantum/ys_lee/Pauli-Propagation---GPU-acceleration/QAOA/artifacts/weight_sweep_yz_xyz_cmp/q12/runs/qaoa_pps_q12_g01_p05_wmxyz_mw08_steps/step_000000.pt",
      "approx_sum_zz": 9.455812454223633,
      "exact_sum_zz": 9.542636826945003,
      "abs_error_sum_zz": 0.08682437272137022,
      "rel_error_sum_zz": 0.009098572469635349,
      "approx_expected_cut": 6.772093772888184,
      "exact_expected_cut": 6.7286815865274985,
      "match_within_tol": false
    },
    {
      "step": 5,
      "checkpoint": "/home/quantum/ys_lee/Pauli-Propagation---GPU-acceleration/QAOA/artifacts/weight_sweep_yz_xyz_cmp/q12/runs/qaoa_pps_q12_g01_p05_wmxyz_mw08_steps/step_000005.pt",
      "approx_sum_zz": -2.3420896530151367,
      "exact_sum_zz": -2.2347067372335623,
      "abs_error_sum_zz": 0.10738291578157444,
      "rel_error_sum_zz": 0.0480523524596826,
      "approx_expected_cut": 12.671044826507568,
      "exact_expected_cut": 12.617353368616781,
      "match_within_tol": false
    },
    {
      "step": 9,
      "checkpoint": "/home/quantum/ys_lee/Pauli-Propagation---GPU-acceleration/QAOA/artifacts/weight_sweep_yz_xyz_cmp/q12/runs/qaoa_pps_q12_g01_p05_wmxyz_mw08_steps/step_000009.pt",
      "approx_sum_zz": -6.349694728851318,
      "exact_sum_zz": -5.648332035670931,
      "abs_error_sum_zz": 0.7013626931803874,
      "rel_error_sum_zz": 0.12417164726702841,
      "approx_expected_cut": 14.67484736442566,
      "exact_expected_cut": 14.324166017835466,
      "match_within_tol": false
    }
  ],
  "summary": {
    "mean_abs_error_sum_zz": 0.29852332722777736,
    "max_abs_error_sum_zz": 0.7013626931803874,
    "n_match_within_tol": 0,
    "n_total": 3
  }
}