{
  "run_name": "qaoa_pps_q08_g01_p03_wmyz_mw02",
  "n_qubits": 8,
  "p_layers": 3,
  "weight_mode": "yz",
  "max_weight": 2,
  "match_tol": 0.001,
  "steps": [
    0,
    5,
    9
  ],
  "expval_comparison": [
    {
      "step": 0,
      "checkpoint": "/home/quantum/ys_lee/Pauli-Propagation---GPU-acceleration/QAOA/artifacts/weight_sweep_yz_xyz_cmp/q08/runs/qaoa_pps_q08_g01_p03_wmyz_mw02_steps/step_000000.pt",
      "approx_sum_zz": 3.4175472259521484,
      "exact_sum_zz": 3.403726716901836,
      "abs_error_sum_zz": 0.013820509050312513,
      "rel_error_sum_zz": 0.004060405020674607,
      "approx_expected_cut": 3.291226387023926,
      "exact_expected_cut": 3.298136641549082,
      "match_within_tol": false
    },
    {
      "step": 5,
      "checkpoint": "/home/quantum/ys_lee/Pauli-Propagation---GPU-acceleration/QAOA/artifacts/weight_sweep_yz_xyz_cmp/q08/runs/qaoa_pps_q08_g01_p03_wmyz_mw02_steps/step_000005.pt",
      "approx_sum_zz": -0.3054070472717285,
      "exact_sum_zz": -0.30540589635757626,
      "abs_error_sum_zz": 1.1509141522592081e-06,
      "rel_error_sum_zz": 3.768473909592405e-06,
      "approx_expected_cut": 5.152703523635864,
      "exact_expected_cut": 5.1527029481787885,
      "match_within_tol": true
    },
    {
      "step": 9,
      "checkpoint": "/home/quantum/ys_lee/Pauli-Propagation---GPU-acceleration/QAOA/artifacts/weight_sweep_yz_xyz_cmp/q08/runs/qaoa_pps_q08_g01_p03_wmyz_mw02_steps/step_000009.pt",
      "approx_sum_zz": -1.030007004737854,
      "exact_sum_zz": -1.0255677680574862,
      "abs_error_sum_zz": 0.004439236680367831,
      "rel_error_sum_zz": 0.004328564936060859,
      "approx_expected_cut": 5.515003502368927,
      "exact_expected_cut": 5.512783884028743,
      "match_within_tol": false
    }
  ],
  "summary": {
    "mean_abs_error_sum_zz": 0.006086965548277534,
    "max_abs_error_sum_zz": 0.013820509050312513,
    "n_match_within_tol": 1,
    "n_total": 3
  }
}