{
  "run_name": "qaoa_pps_q08_g01_p05_wmxyz_mw04",
  "n_qubits": 8,
  "p_layers": 5,
  "weight_mode": "xyz",
  "max_weight": 4,
  "match_tol": 0.001,
  "steps": [
    0,
    5,
    9
  ],
  "expval_comparison": [
    {
      "step": 0,
      "checkpoint": "/home/quantum/ys_lee/Pauli-Propagation---GPU-acceleration/QAOA/artifacts/weight_sweep_yz_xyz_cmp/q08/runs/qaoa_pps_q08_g01_p05_wmxyz_mw04_steps/step_000000.pt",
      "approx_sum_zz": 4.972140312194824,
      "exact_sum_zz": 5.024907558681441,
      "abs_error_sum_zz": 0.052767246486617125,
      "rel_error_sum_zz": 0.010501137756345808,
      "approx_expected_cut": 2.513929843902588,
      "exact_expected_cut": 2.4875462206592793,
      "match_within_tol": false
    },
    {
      "step": 5,
      "checkpoint": "/home/quantum/ys_lee/Pauli-Propagation---GPU-acceleration/QAOA/artifacts/weight_sweep_yz_xyz_cmp/q08/runs/qaoa_pps_q08_g01_p05_wmxyz_mw04_steps/step_000005.pt",
      "approx_sum_zz": -1.1806631088256836,
      "exact_sum_zz": -1.1922082332867348,
      "abs_error_sum_zz": 0.01154512446105116,
      "rel_error_sum_zz": 0.009683815409681433,
      "approx_expected_cut": 5.590331554412842,
      "exact_expected_cut": 5.596104116643367,
      "match_within_tol": false
    },
    {
      "step": 9,
      "checkpoint": "/home/quantum/ys_lee/Pauli-Propagation---GPU-acceleration/QAOA/artifacts/weight_sweep_yz_xyz_cmp/q08/runs/qaoa_pps_q08_g01_p05_wmxyz_mw04_steps/step_000009.pt",
      "approx_sum_zz": -4.285648822784424,
      "exact_sum_zz": -4.2464418649641384,
      "abs_error_sum_zz": 0.03920695782028538,
      "rel_error_sum_zz": 0.00923289640293156,
      "approx_expected_cut": 7.142824411392212,
      "exact_expected_cut": 7.123220932482069,
      "match_within_tol": false
    }
  ],
  "summary": {
    "mean_abs_error_sum_zz": 0.034506442922651225,
    "max_abs_error_sum_zz": 0.052767246486617125,
    "n_match_within_tol": 0,
    "n_total": 3
  }
}