{
  "run_name": "qaoa_pps_q12_g01_p03_wmyz_mw08",
  "n_qubits": 12,
  "p_layers": 3,
  "weight_mode": "yz",
  "max_weight": 8,
  "match_tol": 0.001,
  "steps": [
    0,
    5,
    9
  ],
  "expval_comparison": [
    {
      "step": 0,
      "checkpoint": "/home/quantum/ys_lee/Pauli-Propagation---GPU-acceleration/QAOA/artifacts/weight_sweep_yz_xyz_cmp/q12/runs/qaoa_pps_q12_g01_p03_wmyz_mw08_steps/step_000000.pt",
      "approx_sum_zz": 6.505357265472412,
      "exact_sum_zz": 6.522093792087787,
      "abs_error_sum_zz": 0.01673652661537517,
      "rel_error_sum_zz": 0.0025661278645944833,
      "approx_expected_cut": 8.247321367263794,
      "exact_expected_cut": 8.238953103956106,
      "match_within_tol": false
    },
    {
      "step": 5,
      "checkpoint": "/home/quantum/ys_lee/Pauli-Propagation---GPU-acceleration/QAOA/artifacts/weight_sweep_yz_xyz_cmp/q12/runs/qaoa_pps_q12_g01_p03_wmyz_mw08_steps/step_000005.pt",
      "approx_sum_zz": -0.7705580592155457,
      "exact_sum_zz": -0.770980714192515,
      "abs_error_sum_zz": 0.00042265497696936105,
      "rel_error_sum_zz": 0.0005482043444005313,
      "approx_expected_cut": 11.885279029607773,
      "exact_expected_cut": 11.885490357096257,
      "match_within_tol": true
    },
    {
      "step": 9,
      "checkpoint": "/home/quantum/ys_lee/Pauli-Propagation---GPU-acceleration/QAOA/artifacts/weight_sweep_yz_xyz_cmp/q12/runs/qaoa_pps_q12_g01_p03_wmyz_mw08_steps/step_000009.pt",
      "approx_sum_zz": -4.436422348022461,
      "exact_sum_zz": -4.44428793799995,
      "abs_error_sum_zz": 0.007865589977488874,
      "rel_error_sum_zz": 0.0017698200672903752,
      "approx_expected_cut": 13.71821117401123,
      "exact_expected_cut": 13.722143968999974,
      "match_within_tol": false
    }
  ],
  "summary": {
    "mean_abs_error_sum_zz": 0.0083415905232778,
    "max_abs_error_sum_zz": 0.01673652661537517,
    "n_match_within_tol": 1,
    "n_total": 3
  }
}