{
  "run_name": "qaoa_pps_q12_g01_p05_wmyz_mw02",
  "n_qubits": 12,
  "p_layers": 5,
  "weight_mode": "yz",
  "max_weight": 2,
  "match_tol": 0.001,
  "steps": [
    0,
    5,
    9
  ],
  "expval_comparison": [
    {
      "step": 0,
      "checkpoint": "/home/quantum/ys_lee/Pauli-Propagation---GPU-acceleration/QAOA/artifacts/weight_sweep_yz_xyz_cmp/q12/runs/qaoa_pps_q12_g01_p05_wmyz_mw02_steps/step_000000.pt",
      "approx_sum_zz": 9.175829887390137,
      "exact_sum_zz": 9.72337403703243,
      "abs_error_sum_zz": 0.5475441496422935,
      "rel_error_sum_zz": 0.05631215538525182,
      "approx_expected_cut": 6.912085056304932,
      "exact_expected_cut": 6.638312981483785,
      "match_within_tol": false
    },
    {
      "step": 5,
      "checkpoint": "/home/quantum/ys_lee/Pauli-Propagation---GPU-acceleration/QAOA/artifacts/weight_sweep_yz_xyz_cmp/q12/runs/qaoa_pps_q12_g01_p05_wmyz_mw02_steps/step_000005.pt",
      "approx_sum_zz": -1.6286104917526245,
      "exact_sum_zz": -0.23818219088272685,
      "abs_error_sum_zz": 1.3904283008698977,
      "rel_error_sum_zz": 5.837666937720374,
      "approx_expected_cut": 12.314305245876312,
      "exact_expected_cut": 11.619091095441364,
      "match_within_tol": false
    },
    {
      "step": 9,
      "checkpoint": "/home/quantum/ys_lee/Pauli-Propagation---GPU-acceleration/QAOA/artifacts/weight_sweep_yz_xyz_cmp/q12/runs/qaoa_pps_q12_g01_p05_wmyz_mw02_steps/step_000009.pt",
      "approx_sum_zz": -4.5096588134765625,
      "exact_sum_zz": -3.3015408979275653,
      "abs_error_sum_zz": 1.2081179155489972,
      "rel_error_sum_zz": 0.3659254732562464,
      "approx_expected_cut": 13.754829406738281,
      "exact_expected_cut": 13.150770448963783,
      "match_within_tol": false
    }
  ],
  "summary": {
    "mean_abs_error_sum_zz": 1.0486967886870628,
    "max_abs_error_sum_zz": 1.3904283008698977,
    "n_match_within_tol": 0,
    "n_total": 3
  }
}