{
  "run_name": "qaoa_pps_q08_g01_p05_wmyz_mw02",
  "n_qubits": 8,
  "p_layers": 5,
  "weight_mode": "yz",
  "max_weight": 2,
  "match_tol": 0.001,
  "steps": [
    0,
    5,
    9
  ],
  "expval_comparison": [
    {
      "step": 0,
      "checkpoint": "/home/quantum/ys_lee/Pauli-Propagation---GPU-acceleration/QAOA/artifacts/weight_sweep_yz_xyz_cmp/q08/runs/qaoa_pps_q08_g01_p05_wmyz_mw02_steps/step_000000.pt",
      "approx_sum_zz": 4.965843200683594,
      "exact_sum_zz": 5.024907558311893,
      "abs_error_sum_zz": 0.059064357628299646,
      "rel_error_sum_zz": 0.011754317257160087,
      "approx_expected_cut": 2.517078399658203,
      "exact_expected_cut": 2.4875462208440533,
      "match_within_tol": false
    },
    {
      "step": 5,
      "checkpoint": "/home/quantum/ys_lee/Pauli-Propagation---GPU-acceleration/QAOA/artifacts/weight_sweep_yz_xyz_cmp/q08/runs/qaoa_pps_q08_g01_p05_wmyz_mw02_steps/step_000005.pt",
      "approx_sum_zz": -1.1001253128051758,
      "exact_sum_zz": -1.030789881373928,
      "abs_error_sum_zz": 0.06933543143124776,
      "rel_error_sum_zz": 0.06726436947443776,
      "approx_expected_cut": 5.550062656402588,
      "exact_expected_cut": 5.515394940686964,
      "match_within_tol": false
    },
    {
      "step": 9,
      "checkpoint": "/home/quantum/ys_lee/Pauli-Propagation---GPU-acceleration/QAOA/artifacts/weight_sweep_yz_xyz_cmp/q08/runs/qaoa_pps_q08_g01_p05_wmyz_mw02_steps/step_000009.pt",
      "approx_sum_zz": -3.6077966690063477,
      "exact_sum_zz": -3.421390251357411,
      "abs_error_sum_zz": 0.18640641764893662,
      "rel_error_sum_zz": 0.0544826529434873,
      "approx_expected_cut": 6.803898334503174,
      "exact_expected_cut": 6.710695125678706,
      "match_within_tol": false
    }
  ],
  "summary": {
    "mean_abs_error_sum_zz": 0.10493540223616134,
    "max_abs_error_sum_zz": 0.18640641764893662,
    "n_match_within_tol": 0,
    "n_total": 3
  }
}