{
  "run_name": "qaoa_pps_q12_g01_p05_wmyz_mw08",
  "n_qubits": 12,
  "p_layers": 5,
  "weight_mode": "yz",
  "max_weight": 8,
  "match_tol": 0.001,
  "steps": [
    0,
    5,
    9
  ],
  "expval_comparison": [
    {
      "step": 0,
      "checkpoint": "/home/quantum/ys_lee/Pauli-Propagation---GPU-acceleration/QAOA/artifacts/weight_sweep_yz_xyz_cmp/q12/runs/qaoa_pps_q12_g01_p05_wmyz_mw08_steps/step_000000.pt",
      "approx_sum_zz": 9.455648422241211,
      "exact_sum_zz": 9.542636826631052,
      "abs_error_sum_zz": 0.08698840438984057,
      "rel_error_sum_zz": 0.009115761814080385,
      "approx_expected_cut": 6.7721757888793945,
      "exact_expected_cut": 6.728681586684474,
      "match_within_tol": false
    },
    {
      "step": 5,
      "checkpoint": "/home/quantum/ys_lee/Pauli-Propagation---GPU-acceleration/QAOA/artifacts/weight_sweep_yz_xyz_cmp/q12/runs/qaoa_pps_q12_g01_p05_wmyz_mw08_steps/step_000005.pt",
      "approx_sum_zz": -2.34218430519104,
      "exact_sum_zz": -2.2347254748712695,
      "abs_error_sum_zz": 0.10745883031977055,
      "rel_error_sum_zz": 0.04808591996113557,
      "approx_expected_cut": 12.67109215259552,
      "exact_expected_cut": 12.617362737435634,
      "match_within_tol": false
    },
    {
      "step": 9,
      "checkpoint": "/home/quantum/ys_lee/Pauli-Propagation---GPU-acceleration/QAOA/artifacts/weight_sweep_yz_xyz_cmp/q12/runs/qaoa_pps_q12_g01_p05_wmyz_mw08_steps/step_000009.pt",
      "approx_sum_zz": -6.351807117462158,
      "exact_sum_zz": -5.648382065486498,
      "abs_error_sum_zz": 0.7034250519756604,
      "rel_error_sum_zz": 0.12453567124536823,
      "approx_expected_cut": 14.675903558731079,
      "exact_expected_cut": 14.324191032743249,
      "match_within_tol": false
    }
  ],
  "summary": {
    "mean_abs_error_sum_zz": 0.2992907622284238,
    "max_abs_error_sum_zz": 0.7034250519756604,
    "n_match_within_tol": 0,
    "n_total": 3
  }
}