{
  "run_name": "qaoa_pps_q12_g01_p05_wmxyz_mw06",
  "n_qubits": 12,
  "p_layers": 5,
  "weight_mode": "xyz",
  "max_weight": 6,
  "match_tol": 0.001,
  "steps": [
    0,
    5,
    9
  ],
  "expval_comparison": [
    {
      "step": 0,
      "checkpoint": "/home/quantum/ys_lee/Pauli-Propagation---GPU-acceleration/QAOA/artifacts/weight_sweep_yz_xyz_cmp/q12/runs/qaoa_pps_q12_g01_p05_wmxyz_mw06_steps/step_000000.pt",
      "approx_sum_zz": 9.58177375793457,
      "exact_sum_zz": 9.723374039320749,
      "abs_error_sum_zz": 0.14160028138617875,
      "rel_error_sum_zz": 0.014562875069246086,
      "approx_expected_cut": 6.709113121032715,
      "exact_expected_cut": 6.6383129803396255,
      "match_within_tol": false
    },
    {
      "step": 5,
      "checkpoint": "/home/quantum/ys_lee/Pauli-Propagation---GPU-acceleration/QAOA/artifacts/weight_sweep_yz_xyz_cmp/q12/runs/qaoa_pps_q12_g01_p05_wmxyz_mw06_steps/step_000005.pt",
      "approx_sum_zz": -1.0659743547439575,
      "exact_sum_zz": -1.9850216208877463,
      "abs_error_sum_zz": 0.9190472661437887,
      "rel_error_sum_zz": 0.46299106088968955,
      "approx_expected_cut": 12.032987177371979,
      "exact_expected_cut": 12.492510810443873,
      "match_within_tol": false
    },
    {
      "step": 9,
      "checkpoint": "/home/quantum/ys_lee/Pauli-Propagation---GPU-acceleration/QAOA/artifacts/weight_sweep_yz_xyz_cmp/q12/runs/qaoa_pps_q12_g01_p05_wmxyz_mw06_steps/step_000009.pt",
      "approx_sum_zz": -5.006305694580078,
      "exact_sum_zz": -5.6753262887943805,
      "abs_error_sum_zz": 0.6690205942143024,
      "rel_error_sum_zz": 0.11788231375088455,
      "approx_expected_cut": 14.003152847290039,
      "exact_expected_cut": 14.33766314439719,
      "match_within_tol": false
    }
  ],
  "summary": {
    "mean_abs_error_sum_zz": 0.57655604724809,
    "max_abs_error_sum_zz": 0.9190472661437887,
    "n_match_within_tol": 0,
    "n_total": 3
  }
}