{
  "run_name": "qaoa_pps_q12_g01_p03_wmxyz_mw02",
  "n_qubits": 12,
  "p_layers": 3,
  "weight_mode": "xyz",
  "max_weight": 2,
  "match_tol": 0.001,
  "steps": [
    0,
    5,
    9
  ],
  "expval_comparison": [
    {
      "step": 0,
      "checkpoint": "/home/quantum/ys_lee/Pauli-Propagation---GPU-acceleration/QAOA/artifacts/weight_sweep_yz_xyz_cmp/q12/runs/qaoa_pps_q12_g01_p03_wmxyz_mw02_steps/step_000000.pt",
      "approx_sum_zz": 6.4396653175354,
      "exact_sum_zz": 6.522093793153148,
      "abs_error_sum_zz": 0.08242847561774802,
      "rel_error_sum_zz": 0.012638345634385218,
      "approx_expected_cut": 8.2801673412323,
      "exact_expected_cut": 8.238953103423427,
      "match_within_tol": false
    },
    {
      "step": 5,
      "checkpoint": "/home/quantum/ys_lee/Pauli-Propagation---GPU-acceleration/QAOA/artifacts/weight_sweep_yz_xyz_cmp/q12/runs/qaoa_pps_q12_g01_p03_wmxyz_mw02_steps/step_000005.pt",
      "approx_sum_zz": -0.7398310303688049,
      "exact_sum_zz": -0.7520450604728577,
      "abs_error_sum_zz": 0.012214030104052753,
      "rel_error_sum_zz": 0.016241088128912156,
      "approx_expected_cut": 11.869915515184402,
      "exact_expected_cut": 11.87602253023643,
      "match_within_tol": false
    },
    {
      "step": 9,
      "checkpoint": "/home/quantum/ys_lee/Pauli-Propagation---GPU-acceleration/QAOA/artifacts/weight_sweep_yz_xyz_cmp/q12/runs/qaoa_pps_q12_g01_p03_wmxyz_mw02_steps/step_000009.pt",
      "approx_sum_zz": -3.988961696624756,
      "exact_sum_zz": -4.495391804984157,
      "abs_error_sum_zz": 0.5064301083594014,
      "rel_error_sum_zz": 0.11265538807939036,
      "approx_expected_cut": 13.494480848312378,
      "exact_expected_cut": 13.74769590249208,
      "match_within_tol": false
    }
  ],
  "summary": {
    "mean_abs_error_sum_zz": 0.20035753802706738,
    "max_abs_error_sum_zz": 0.5064301083594014,
    "n_match_within_tol": 0,
    "n_total": 3
  }
}