{
  "run_name": "qaoa_pps_q08_g01_p03_wmxyz_mw04",
  "n_qubits": 8,
  "p_layers": 3,
  "weight_mode": "xyz",
  "max_weight": 4,
  "match_tol": 0.001,
  "steps": [
    0,
    5,
    9
  ],
  "expval_comparison": [
    {
      "step": 0,
      "checkpoint": "/home/quantum/ys_lee/Pauli-Propagation---GPU-acceleration/QAOA/artifacts/weight_sweep_yz_xyz_cmp/q08/runs/qaoa_pps_q08_g01_p03_wmxyz_mw04_steps/step_000000.pt",
      "approx_sum_zz": 3.3989953994750977,
      "exact_sum_zz": 3.407609925152123,
      "abs_error_sum_zz": 0.008614525677025142,
      "rel_error_sum_zz": 0.00252802576182207,
      "approx_expected_cut": 3.300502300262451,
      "exact_expected_cut": 3.2961950374239386,
      "match_within_tol": false
    },
    {
      "step": 5,
      "checkpoint": "/home/quantum/ys_lee/Pauli-Propagation---GPU-acceleration/QAOA/artifacts/weight_sweep_yz_xyz_cmp/q08/runs/qaoa_pps_q08_g01_p03_wmxyz_mw04_steps/step_000005.pt",
      "approx_sum_zz": -0.43066179752349854,
      "exact_sum_zz": -0.4310191884539599,
      "abs_error_sum_zz": 0.0003573909304613876,
      "rel_error_sum_zz": 0.0008291763801591467,
      "approx_expected_cut": 5.215330898761749,
      "exact_expected_cut": 5.21550959422698,
      "match_within_tol": true
    },
    {
      "step": 9,
      "checkpoint": "/home/quantum/ys_lee/Pauli-Propagation---GPU-acceleration/QAOA/artifacts/weight_sweep_yz_xyz_cmp/q08/runs/qaoa_pps_q08_g01_p03_wmxyz_mw04_steps/step_000009.pt",
      "approx_sum_zz": -2.4154322147369385,
      "exact_sum_zz": -2.4372742425945004,
      "abs_error_sum_zz": 0.021842027857561952,
      "rel_error_sum_zz": 0.008961661956559683,
      "approx_expected_cut": 6.207716107368469,
      "exact_expected_cut": 6.218637121297251,
      "match_within_tol": false
    }
  ],
  "summary": {
    "mean_abs_error_sum_zz": 0.010271314821682828,
    "max_abs_error_sum_zz": 0.021842027857561952,
    "n_match_within_tol": 1,
    "n_total": 3
  }
}