{
  "run_name": "qaoa_pps_q12_g01_p03_wmyz_mw02",
  "n_qubits": 12,
  "p_layers": 3,
  "weight_mode": "yz",
  "max_weight": 2,
  "match_tol": 0.001,
  "steps": [
    0,
    5,
    9
  ],
  "expval_comparison": [
    {
      "step": 0,
      "checkpoint": "/home/quantum/ys_lee/Pauli-Propagation---GPU-acceleration/QAOA/artifacts/weight_sweep_yz_xyz_cmp/q12/runs/qaoa_pps_q12_g01_p03_wmyz_mw02_steps/step_000000.pt",
      "approx_sum_zz": 6.677945137023926,
      "exact_sum_zz": 6.522093792054872,
      "abs_error_sum_zz": 0.1558513449690535,
      "rel_error_sum_zz": 0.023895906734568817,
      "approx_expected_cut": 8.161027431488037,
      "exact_expected_cut": 8.238953103972564,
      "match_within_tol": false
    },
    {
      "step": 5,
      "checkpoint": "/home/quantum/ys_lee/Pauli-Propagation---GPU-acceleration/QAOA/artifacts/weight_sweep_yz_xyz_cmp/q12/runs/qaoa_pps_q12_g01_p03_wmyz_mw02_steps/step_000005.pt",
      "approx_sum_zz": -0.7605539560317993,
      "exact_sum_zz": -0.7636894700712411,
      "abs_error_sum_zz": 0.003135514039441789,
      "rel_error_sum_zz": 0.004105744759253118,
      "approx_expected_cut": 11.8802769780159,
      "exact_expected_cut": 11.88184473503562,
      "match_within_tol": false
    },
    {
      "step": 9,
      "checkpoint": "/home/quantum/ys_lee/Pauli-Propagation---GPU-acceleration/QAOA/artifacts/weight_sweep_yz_xyz_cmp/q12/runs/qaoa_pps_q12_g01_p03_wmyz_mw02_steps/step_000009.pt",
      "approx_sum_zz": -4.286053657531738,
      "exact_sum_zz": -4.402981675818391,
      "abs_error_sum_zz": 0.11692801828665278,
      "rel_error_sum_zz": 0.026556553466673044,
      "approx_expected_cut": 13.64302682876587,
      "exact_expected_cut": 13.701490837909196,
      "match_within_tol": false
    }
  ],
  "summary": {
    "mean_abs_error_sum_zz": 0.09197162576504936,
    "max_abs_error_sum_zz": 0.1558513449690535,
    "n_match_within_tol": 0,
    "n_total": 3
  }
}