{
  "run_name": "qaoa_pps_q12_g01_p05_wmxyz_mw04",
  "n_qubits": 12,
  "p_layers": 5,
  "weight_mode": "xyz",
  "max_weight": 4,
  "match_tol": 0.001,
  "steps": [
    0,
    5,
    9
  ],
  "expval_comparison": [
    {
      "step": 0,
      "checkpoint": "/home/quantum/ys_lee/Pauli-Propagation---GPU-acceleration/QAOA/artifacts/weight_sweep_yz_xyz_cmp/q12/runs/qaoa_pps_q12_g01_p05_wmxyz_mw04_steps/step_000000.pt",
      "approx_sum_zz": 9.629609107971191,
      "exact_sum_zz": 9.709882593686585,
      "abs_error_sum_zz": 0.08027348571539328,
      "rel_error_sum_zz": 0.008267194267373275,
      "approx_expected_cut": 6.685195446014404,
      "exact_expected_cut": 6.645058703156708,
      "match_within_tol": false
    },
    {
      "step": 5,
      "checkpoint": "/home/quantum/ys_lee/Pauli-Propagation---GPU-acceleration/QAOA/artifacts/weight_sweep_yz_xyz_cmp/q12/runs/qaoa_pps_q12_g01_p05_wmxyz_mw04_steps/step_000005.pt",
      "approx_sum_zz": -2.58492112159729,
      "exact_sum_zz": -2.208374703959175,
      "abs_error_sum_zz": 0.376546417638115,
      "rel_error_sum_zz": 0.17050839106381832,
      "approx_expected_cut": 12.792460560798645,
      "exact_expected_cut": 12.604187351979588,
      "match_within_tol": false
    },
    {
      "step": 9,
      "checkpoint": "/home/quantum/ys_lee/Pauli-Propagation---GPU-acceleration/QAOA/artifacts/weight_sweep_yz_xyz_cmp/q12/runs/qaoa_pps_q12_g01_p05_wmxyz_mw04_steps/step_000009.pt",
      "approx_sum_zz": -7.560643672943115,
      "exact_sum_zz": -7.371900605295259,
      "abs_error_sum_zz": 0.18874306764785587,
      "rel_error_sum_zz": 0.02560304021357547,
      "approx_expected_cut": 15.280321836471558,
      "exact_expected_cut": 15.18595030264763,
      "match_within_tol": false
    }
  ],
  "summary": {
    "mean_abs_error_sum_zz": 0.21518765700045472,
    "max_abs_error_sum_zz": 0.376546417638115,
    "n_match_within_tol": 0,
    "n_total": 3
  }
}