{
  "run_name": "qaoa_pps_q08_g01_p05_wmyz_mw08",
  "n_qubits": 8,
  "p_layers": 5,
  "weight_mode": "yz",
  "max_weight": 8,
  "match_tol": 0.001,
  "steps": [
    0,
    5,
    9
  ],
  "expval_comparison": [
    {
      "step": 0,
      "checkpoint": "/home/quantum/ys_lee/Pauli-Propagation---GPU-acceleration/QAOA/artifacts/weight_sweep_yz_xyz_cmp/q08/runs/qaoa_pps_q08_g01_p05_wmyz_mw08_steps/step_000000.pt",
      "approx_sum_zz": 5.010447978973389,
      "exact_sum_zz": 5.0249075586009315,
      "abs_error_sum_zz": 0.014459579627542851,
      "rel_error_sum_zz": 0.0028775812209307157,
      "approx_expected_cut": 2.4947760105133057,
      "exact_expected_cut": 2.4875462206995342,
      "match_within_tol": false
    },
    {
      "step": 5,
      "checkpoint": "/home/quantum/ys_lee/Pauli-Propagation---GPU-acceleration/QAOA/artifacts/weight_sweep_yz_xyz_cmp/q08/runs/qaoa_pps_q08_g01_p05_wmyz_mw08_steps/step_000005.pt",
      "approx_sum_zz": -1.1478869915008545,
      "exact_sum_zz": -1.2018591297788475,
      "abs_error_sum_zz": 0.053972138277992965,
      "rel_error_sum_zz": 0.04490720829147781,
      "approx_expected_cut": 5.573943495750427,
      "exact_expected_cut": 5.600929564889424,
      "match_within_tol": false
    },
    {
      "step": 9,
      "checkpoint": "/home/quantum/ys_lee/Pauli-Propagation---GPU-acceleration/QAOA/artifacts/weight_sweep_yz_xyz_cmp/q08/runs/qaoa_pps_q08_g01_p05_wmyz_mw08_steps/step_000009.pt",
      "approx_sum_zz": -4.221512794494629,
      "exact_sum_zz": -4.2502219748785866,
      "abs_error_sum_zz": 0.028709180383957644,
      "rel_error_sum_zz": 0.006754748470467301,
      "approx_expected_cut": 7.1107563972473145,
      "exact_expected_cut": 7.125110987439293,
      "match_within_tol": false
    }
  ],
  "summary": {
    "mean_abs_error_sum_zz": 0.03238029942983115,
    "max_abs_error_sum_zz": 0.053972138277992965,
    "n_match_within_tol": 0,
    "n_total": 3
  }
}