{
  "run_name": "qaoa_pps_q12_g01_p03_wmxyz_mw06",
  "n_qubits": 12,
  "p_layers": 3,
  "weight_mode": "xyz",
  "max_weight": 6,
  "match_tol": 0.001,
  "steps": [
    0,
    5,
    9
  ],
  "expval_comparison": [
    {
      "step": 0,
      "checkpoint": "/home/quantum/ys_lee/Pauli-Propagation---GPU-acceleration/QAOA/artifacts/weight_sweep_yz_xyz_cmp/q12/runs/qaoa_pps_q12_g01_p03_wmxyz_mw06_steps/step_000000.pt",
      "approx_sum_zz": 6.505224704742432,
      "exact_sum_zz": 6.5220937920863715,
      "abs_error_sum_zz": 0.01686908734393988,
      "rel_error_sum_zz": 0.0025864527376788277,
      "approx_expected_cut": 8.247387647628784,
      "exact_expected_cut": 8.238953103956813,
      "match_within_tol": false
    },
    {
      "step": 5,
      "checkpoint": "/home/quantum/ys_lee/Pauli-Propagation---GPU-acceleration/QAOA/artifacts/weight_sweep_yz_xyz_cmp/q12/runs/qaoa_pps_q12_g01_p03_wmxyz_mw06_steps/step_000005.pt",
      "approx_sum_zz": -0.7706305384635925,
      "exact_sum_zz": -0.7710529474440748,
      "abs_error_sum_zz": 0.0004224089804822917,
      "rel_error_sum_zz": 0.0005478339482165451,
      "approx_expected_cut": 11.885315269231796,
      "exact_expected_cut": 11.885526473722038,
      "match_within_tol": true
    },
    {
      "step": 9,
      "checkpoint": "/home/quantum/ys_lee/Pauli-Propagation---GPU-acceleration/QAOA/artifacts/weight_sweep_yz_xyz_cmp/q12/runs/qaoa_pps_q12_g01_p03_wmxyz_mw06_steps/step_000009.pt",
      "approx_sum_zz": -4.437320232391357,
      "exact_sum_zz": -4.444241539352848,
      "abs_error_sum_zz": 0.006921306961490181,
      "rel_error_sum_zz": 0.0015573651657326514,
      "approx_expected_cut": 13.718660116195679,
      "exact_expected_cut": 13.722120769676424,
      "match_within_tol": false
    }
  ],
  "summary": {
    "mean_abs_error_sum_zz": 0.008070934428637452,
    "max_abs_error_sum_zz": 0.01686908734393988,
    "n_match_within_tol": 1,
    "n_total": 3
  }
}