{
  "config": {
    "n_qubits": 16,
    "p_layers": 3,
    "delta_t": 0.8,
    "steps": 10,
    "lr": 0.05,
    "seed": 161034,
    "device": "cuda",
    "preset": "hybrid",
    "build_min_abs": null,
    "no_build_min_abs": true,
    "build_min_mat_abs": null,
    "rebuild_every": 10,
    "chunk_size": 1000000,
    "max_weight": 4,
    "weight_mode": "xyz",
    "weight_x": 1.0,
    "weight_y": 1.0,
    "weight_z": 1.0
  },
  "graph": {
    "source": "edges_json",
    "params": {
      "edges_json": "/home/quantum/ys_lee/Pauli-Propagation---GPU-acceleration/QAOA/artifacts/weight_sweep_yz_xyz_no_minabs_q16q20/q16/graphs/edges_graph_01.json"
    },
    "edges": [
      [
        0,
        1
      ],
      [
        0,
        2
      ],
      [
        0,
        4
      ],
      [
        0,
        7
      ],
      [
        0,
        15
      ],
      [
        1,
        4
      ],
      [
        1,
        5
      ],
      [
        1,
        6
      ],
      [
        1,
        12
      ],
      [
        2,
        9
      ],
      [
        2,
        10
      ],
      [
        3,
        4
      ],
      [
        3,
        6
      ],
      [
        3,
        10
      ],
      [
        3,
        11
      ],
      [
        3,
        14
      ],
      [
        4,
        8
      ],
      [
        4,
        10
      ],
      [
        4,
        13
      ],
      [
        4,
        14
      ],
      [
        5,
        7
      ],
      [
        5,
        9
      ],
      [
        5,
        10
      ],
      [
        5,
        11
      ],
      [
        5,
        13
      ],
      [
        6,
        7
      ],
      [
        6,
        10
      ],
      [
        6,
        11
      ],
      [
        6,
        12
      ],
      [
        6,
        15
      ],
      [
        8,
        10
      ],
      [
        8,
        11
      ],
      [
        8,
        12
      ],
      [
        8,
        13
      ],
      [
        9,
        10
      ],
      [
        9,
        12
      ],
      [
        9,
        13
      ],
      [
        9,
        14
      ],
      [
        10,
        11
      ],
      [
        10,
        12
      ],
      [
        10,
        13
      ],
      [
        14,
        15
      ]
    ]
  },
  "training": {
    "history_sum_zz": [
      12.3436918258667,
      9.635698318481445,
      6.792684555053711,
      4.007902145385742,
      1.4286484718322754,
      -0.8325469493865967,
      -2.716010570526123,
      -4.256413459777832,
      -5.596029281616211,
      -6.905417442321777
    ],
    "history_expected_cut": [
      14.82815408706665,
      16.182150840759277,
      17.603657722473145,
      18.99604892730713,
      20.285675764083862,
      21.4162734746933,
      22.35800528526306,
      23.128206729888916,
      23.798014640808105,
      24.45270872116089
    ],
    "best_sum_zz": -6.905417442321777,
    "best_expected_cut": 24.45270872116089
  },
  "resources": {
    "compile_events": [
      {
        "step": -1,
        "chunk_size": 1000000,
        "terms_after_zero_filter": 684,
        "n_steps": 190,
        "nnz_const_total": 1375085,
        "nnz_cos_total": 402435,
        "nnz_sin_total": 165597,
        "nnz_total": 1943117,
        "gpu_work_proxy_nnz_total": 1943117,
        "max_step_rows": 29220,
        "max_step_cols": 29220,
        "max_step_nnz_total": 34861,
        "nnz_density_proxy": 1.1978017057395275e-05
      }
    ],
    "terms_after_zero_filter_last": 684,
    "nnz_total_last": 1943117,
    "gpu_work_proxy_nnz_total_last": 1943117,
    "terms_after_zero_filter_mean": 684.0,
    "nnz_total_mean": 1943117.0,
    "nnz_total_std": 0.0,
    "rebuild_count": 0
  },
  "checkpoint": "/home/quantum/ys_lee/Pauli-Propagation---GPU-acceleration/QAOA/artifacts/weight_sweep_yz_xyz_no_minabs_q16q20/q16/runs/qaoa_pps_q16_g01_p03_wmxyz_mw04.pt"
}