{
  "config": {
    "n_qubits": 12,
    "p_layers": 3,
    "delta_t": 0.8,
    "steps": 10,
    "lr": 0.05,
    "seed": 121034,
    "device": "cuda",
    "preset": "hybrid",
    "build_min_abs": null,
    "no_build_min_abs": true,
    "build_min_mat_abs": null,
    "rebuild_every": 10,
    "chunk_size": 1000000,
    "max_weight": 4,
    "weight_mode": "yz",
    "weight_x": 0.0,
    "weight_y": 1.0,
    "weight_z": 1.0
  },
  "graph": {
    "source": "edges_json",
    "params": {
      "edges_json": "/home/quantum/ys_lee/Pauli-Propagation---GPU-acceleration/QAOA/artifacts/weight_sweep_yz_xyz_no_minabs/q12/graphs/edges_graph_01.json"
    },
    "edges": [
      [
        0,
        4
      ],
      [
        0,
        6
      ],
      [
        1,
        3
      ],
      [
        1,
        5
      ],
      [
        1,
        6
      ],
      [
        1,
        10
      ],
      [
        2,
        3
      ],
      [
        2,
        5
      ],
      [
        2,
        10
      ],
      [
        3,
        5
      ],
      [
        3,
        7
      ],
      [
        4,
        5
      ],
      [
        4,
        8
      ],
      [
        4,
        10
      ],
      [
        5,
        7
      ],
      [
        5,
        9
      ],
      [
        5,
        10
      ],
      [
        6,
        7
      ],
      [
        6,
        8
      ],
      [
        6,
        9
      ],
      [
        6,
        11
      ],
      [
        7,
        9
      ],
      [
        9,
        11
      ]
    ]
  },
  "training": {
    "history_sum_zz": [
      8.115518569946289,
      6.466424465179443,
      4.790134429931641,
      3.1855616569519043,
      1.6968426704406738,
      0.31891578435897827,
      -0.9993741512298584,
      -2.3367505073547363,
      -3.7456018924713135,
      -5.180601119995117
    ],
    "history_expected_cut": [
      7.4422407150268555,
      8.266787767410278,
      9.10493278503418,
      9.907219171524048,
      10.651578664779663,
      11.34054210782051,
      11.99968707561493,
      12.668375253677368,
      13.372800946235657,
      14.090300559997559
    ],
    "best_sum_zz": -5.180601119995117,
    "best_expected_cut": 14.090300559997559
  },
  "resources": {
    "compile_events": [
      {
        "step": -1,
        "chunk_size": 1000000,
        "terms_after_zero_filter": 3863,
        "n_steps": 117,
        "nnz_const_total": 7038567,
        "nnz_cos_total": 4333724,
        "nnz_sin_total": 3279106,
        "nnz_total": 14651397,
        "gpu_work_proxy_nnz_total": 14651397,
        "max_step_rows": 561432,
        "max_step_cols": 561432,
        "max_step_nnz_total": 675446,
        "nnz_density_proxy": 3.9728196429550047e-07
      }
    ],
    "terms_after_zero_filter_last": 3863,
    "nnz_total_last": 14651397,
    "gpu_work_proxy_nnz_total_last": 14651397,
    "terms_after_zero_filter_mean": 3863.0,
    "nnz_total_mean": 14651397.0,
    "nnz_total_std": 0.0,
    "rebuild_count": 0
  },
  "checkpoint": "/home/quantum/ys_lee/Pauli-Propagation---GPU-acceleration/QAOA/artifacts/weight_sweep_yz_xyz_no_minabs/q12/runs/qaoa_pps_q12_g01_p03_wmyz_mw04.pt"
}