{
  "config": {
    "n_qubits": 12,
    "p_layers": 3,
    "delta_t": 0.8,
    "steps": 10,
    "lr": 0.05,
    "seed": 123006,
    "device": "cuda",
    "preset": "hybrid",
    "build_min_abs": null,
    "no_build_min_abs": true,
    "build_min_mat_abs": null,
    "rebuild_every": 10,
    "chunk_size": 1000000,
    "max_weight": 6,
    "weight_mode": "xyz",
    "weight_x": 1.0,
    "weight_y": 1.0,
    "weight_z": 1.0
  },
  "graph": {
    "source": "edges_json",
    "params": {
      "edges_json": "QAOA/artifacts/weight_sweep_yz_xyz_no_minabs/q12/graphs/edges_graph_01.json"
    },
    "edges": [
      [
        0,
        4
      ],
      [
        0,
        6
      ],
      [
        1,
        3
      ],
      [
        1,
        5
      ],
      [
        1,
        6
      ],
      [
        1,
        10
      ],
      [
        2,
        3
      ],
      [
        2,
        5
      ],
      [
        2,
        10
      ],
      [
        3,
        5
      ],
      [
        3,
        7
      ],
      [
        4,
        5
      ],
      [
        4,
        8
      ],
      [
        4,
        10
      ],
      [
        5,
        7
      ],
      [
        5,
        9
      ],
      [
        5,
        10
      ],
      [
        6,
        7
      ],
      [
        6,
        8
      ],
      [
        6,
        9
      ],
      [
        6,
        11
      ],
      [
        7,
        9
      ],
      [
        9,
        11
      ]
    ]
  },
  "training": {
    "history_sum_zz": [
      8.12176513671875,
      6.470302104949951,
      4.753304481506348,
      3.0682060718536377,
      1.4838221073150635,
      0.03932877257466316,
      -1.2748067378997803,
      -2.526960849761963,
      -3.7965946197509766,
      -5.082621097564697
    ],
    "history_expected_cut": [
      7.439117431640625,
      8.264848947525024,
      9.123347759246826,
      9.965896964073181,
      10.758088946342468,
      11.480335613712668,
      12.13740336894989,
      12.763480424880981,
      13.398297309875488,
      14.041310548782349
    ],
    "best_sum_zz": -5.082621097564697,
    "best_expected_cut": 14.041310548782349
  },
  "resources": {
    "compile_events": [
      {
        "step": -1,
        "chunk_size": 1000000,
        "terms_after_zero_filter": 1580,
        "n_steps": 117,
        "nnz_const_total": 3694733,
        "nnz_cos_total": 2128663,
        "nnz_sin_total": 1498851,
        "nnz_total": 7322247,
        "gpu_work_proxy_nnz_total": 7322247,
        "max_step_rows": 222715,
        "max_step_cols": 222715,
        "max_step_nnz_total": 277766,
        "nnz_density_proxy": 1.26171009229498e-06
      }
    ],
    "terms_after_zero_filter_last": 1580,
    "nnz_total_last": 7322247,
    "gpu_work_proxy_nnz_total_last": 7322247,
    "terms_after_zero_filter_mean": 1580.0,
    "nnz_total_mean": 7322247.0,
    "nnz_total_std": 0.0,
    "rebuild_count": 0
  },
  "checkpoint": "QAOA/artifacts/weight_sweep_yz_xyz_no_minabs/q12/runs/qaoa_pps_q12_g01_p03_wmxyz_mw06.pt"
}