{
  "config": {
    "n_qubits": 12,
    "p_layers": 3,
    "delta_t": 0.8,
    "steps": 10,
    "lr": 0.05,
    "seed": 123004,
    "device": "cuda",
    "preset": "hybrid",
    "build_min_abs": null,
    "no_build_min_abs": true,
    "build_min_mat_abs": null,
    "rebuild_every": 10,
    "chunk_size": 1000000,
    "max_weight": 4,
    "weight_mode": "xyz",
    "weight_x": 1.0,
    "weight_y": 1.0,
    "weight_z": 1.0
  },
  "graph": {
    "source": "edges_json",
    "params": {
      "edges_json": "QAOA/artifacts/weight_sweep_yz_xyz_no_minabs/q12/graphs/edges_graph_01.json"
    },
    "edges": [
      [
        0,
        4
      ],
      [
        0,
        6
      ],
      [
        1,
        3
      ],
      [
        1,
        5
      ],
      [
        1,
        6
      ],
      [
        1,
        10
      ],
      [
        2,
        3
      ],
      [
        2,
        5
      ],
      [
        2,
        10
      ],
      [
        3,
        5
      ],
      [
        3,
        7
      ],
      [
        4,
        5
      ],
      [
        4,
        8
      ],
      [
        4,
        10
      ],
      [
        5,
        7
      ],
      [
        5,
        9
      ],
      [
        5,
        10
      ],
      [
        6,
        7
      ],
      [
        6,
        8
      ],
      [
        6,
        9
      ],
      [
        6,
        11
      ],
      [
        7,
        9
      ],
      [
        9,
        11
      ]
    ]
  },
  "training": {
    "history_sum_zz": [
      8.126176834106445,
      6.439030170440674,
      4.639652729034424,
      2.8268144130706787,
      1.0905107259750366,
      -0.4947187900543213,
      -1.8965412378311157,
      -3.151026487350464,
      -4.332254886627197,
      -5.452247142791748
    ],
    "history_expected_cut": [
      7.436911582946777,
      8.280484914779663,
      9.180173635482788,
      10.08659279346466,
      10.954744637012482,
      11.74735939502716,
      12.448270618915558,
      13.075513243675232,
      13.666127443313599,
      14.226123571395874
    ],
    "best_sum_zz": -5.452247142791748,
    "best_expected_cut": 14.226123571395874
  },
  "resources": {
    "compile_events": [
      {
        "step": -1,
        "chunk_size": 1000000,
        "terms_after_zero_filter": 285,
        "n_steps": 117,
        "nnz_const_total": 206814,
        "nnz_cos_total": 77080,
        "nnz_sin_total": 40796,
        "nnz_total": 324690,
        "gpu_work_proxy_nnz_total": 324690,
        "max_step_rows": 7644,
        "max_step_cols": 7644,
        "max_step_nnz_total": 8785,
        "nnz_density_proxy": 4.749432225409937e-05
      }
    ],
    "terms_after_zero_filter_last": 285,
    "nnz_total_last": 324690,
    "gpu_work_proxy_nnz_total_last": 324690,
    "terms_after_zero_filter_mean": 285.0,
    "nnz_total_mean": 324690.0,
    "nnz_total_std": 0.0,
    "rebuild_count": 0
  },
  "checkpoint": "QAOA/artifacts/weight_sweep_yz_xyz_no_minabs/q12/runs/qaoa_pps_q12_g01_p03_wmxyz_mw04.pt"
}