{
  "config": {
    "n_qubits": 12,
    "p_layers": 3,
    "delta_t": 0.8,
    "steps": 10,
    "lr": 0.05,
    "seed": 121036,
    "device": "cuda",
    "preset": "hybrid",
    "build_min_abs": null,
    "no_build_min_abs": true,
    "build_min_mat_abs": null,
    "rebuild_every": 10,
    "chunk_size": 100000000,
    "max_weight": 6,
    "weight_mode": "yz",
    "weight_x": 0.0,
    "weight_y": 1.0,
    "weight_z": 1.0
  },
  "graph": {
    "source": "edges_json",
    "params": {
      "edges_json": "/home/quantum/ys_lee/Pauli-Propagation---GPU-acceleration/QAOA/artifacts/weight_sweep_yz_xyz_no_minabs/q12/graphs/edges_graph_01.json"
    },
    "edges": [
      [
        0,
        4
      ],
      [
        0,
        6
      ],
      [
        1,
        3
      ],
      [
        1,
        5
      ],
      [
        1,
        6
      ],
      [
        1,
        10
      ],
      [
        2,
        3
      ],
      [
        2,
        5
      ],
      [
        2,
        10
      ],
      [
        3,
        5
      ],
      [
        3,
        7
      ],
      [
        4,
        5
      ],
      [
        4,
        8
      ],
      [
        4,
        10
      ],
      [
        5,
        7
      ],
      [
        5,
        9
      ],
      [
        5,
        10
      ],
      [
        6,
        7
      ],
      [
        6,
        8
      ],
      [
        6,
        9
      ],
      [
        6,
        11
      ],
      [
        7,
        9
      ],
      [
        9,
        11
      ]
    ]
  },
  "training": {
    "history_sum_zz": [
      8.122132301330566,
      6.465859413146973,
      4.754898548126221,
      3.0992660522460938,
      1.5646685361862183,
      0.16851890087127686,
      -1.1257342100143433,
      -2.3986387252807617,
      -3.7209746837615967,
      -5.074669361114502
    ],
    "history_expected_cut": [
      7.438933849334717,
      8.267070293426514,
      9.12255072593689,
      9.950366973876953,
      10.71766573190689,
      11.415740549564362,
      12.062867105007172,
      12.69931936264038,
      13.360487341880798,
      14.037334680557251
    ],
    "best_sum_zz": -5.074669361114502,
    "best_expected_cut": 14.037334680557251
  },
  "resources": {
    "compile_events": [
      {
        "step": -1,
        "chunk_size": 100000000,
        "terms_after_zero_filter": 4050,
        "n_steps": 117,
        "nnz_const_total": 30479648,
        "nnz_cos_total": 23943794,
        "nnz_sin_total": 22262180,
        "nnz_total": 76685622,
        "gpu_work_proxy_nnz_total": 76685622,
        "max_step_rows": 2901592,
        "max_step_cols": 2901592,
        "max_step_nnz_total": 3902537,
        "nnz_density_proxy": 7.784942199015706e-08
      }
    ],
    "terms_after_zero_filter_last": 4050,
    "nnz_total_last": 76685622,
    "gpu_work_proxy_nnz_total_last": 76685622,
    "terms_after_zero_filter_mean": 4050.0,
    "nnz_total_mean": 76685622.0,
    "nnz_total_std": 0.0,
    "rebuild_count": 0
  },
  "checkpoint": "/home/quantum/ys_lee/Pauli-Propagation---GPU-acceleration/QAOA/artifacts/weight_sweep_yz_xyz_no_minabs/q12/runs/qaoa_pps_q12_g01_p03_wmyz_mw06.pt"
}