{
  "config": {
    "n_qubits": 12,
    "p_layers": 3,
    "delta_t": 0.8,
    "steps": 10,
    "lr": 0.05,
    "seed": 123002,
    "device": "cuda",
    "preset": "hybrid",
    "build_min_abs": null,
    "no_build_min_abs": true,
    "build_min_mat_abs": null,
    "rebuild_every": 10,
    "chunk_size": 1000000,
    "max_weight": 2,
    "weight_mode": "xyz",
    "weight_x": 1.0,
    "weight_y": 1.0,
    "weight_z": 1.0
  },
  "graph": {
    "source": "edges_json",
    "params": {
      "edges_json": "QAOA/artifacts/weight_sweep_yz_xyz_no_minabs/q12/graphs/edges_graph_01.json"
    },
    "edges": [
      [
        0,
        4
      ],
      [
        0,
        6
      ],
      [
        1,
        3
      ],
      [
        1,
        5
      ],
      [
        1,
        6
      ],
      [
        1,
        10
      ],
      [
        2,
        3
      ],
      [
        2,
        5
      ],
      [
        2,
        10
      ],
      [
        3,
        5
      ],
      [
        3,
        7
      ],
      [
        4,
        5
      ],
      [
        4,
        8
      ],
      [
        4,
        10
      ],
      [
        5,
        7
      ],
      [
        5,
        9
      ],
      [
        5,
        10
      ],
      [
        6,
        7
      ],
      [
        6,
        8
      ],
      [
        6,
        9
      ],
      [
        6,
        11
      ],
      [
        7,
        9
      ],
      [
        9,
        11
      ]
    ]
  },
  "training": {
    "history_sum_zz": [
      7.781233787536621,
      6.262666702270508,
      4.485907077789307,
      2.5871214866638184,
      0.6962711811065674,
      -1.1206409931182861,
      -2.899355888366699,
      -4.656838417053223,
      -6.323485374450684,
      -7.739462375640869
    ],
    "history_expected_cut": [
      7.6093831062316895,
      8.368666648864746,
      9.257046461105347,
      10.20643925666809,
      11.151864409446716,
      12.060320496559143,
      12.94967794418335,
      13.828419208526611,
      14.661742687225342,
      15.369731187820435
    ],
    "best_sum_zz": -7.739462375640869,
    "best_expected_cut": 15.369731187820435
  },
  "resources": {
    "compile_events": [
      {
        "step": -1,
        "chunk_size": 1000000,
        "terms_after_zero_filter": 12,
        "n_steps": 117,
        "nnz_const_total": 7189,
        "nnz_cos_total": 1311,
        "nnz_sin_total": 609,
        "nnz_total": 9109,
        "gpu_work_proxy_nnz_total": 9109,
        "max_step_rows": 104,
        "max_step_cols": 104,
        "max_step_nnz_total": 132,
        "nnz_density_proxy": 0.007198104738785212
      }
    ],
    "terms_after_zero_filter_last": 12,
    "nnz_total_last": 9109,
    "gpu_work_proxy_nnz_total_last": 9109,
    "terms_after_zero_filter_mean": 12.0,
    "nnz_total_mean": 9109.0,
    "nnz_total_std": 0.0,
    "rebuild_count": 0
  },
  "checkpoint": "QAOA/artifacts/weight_sweep_yz_xyz_no_minabs/q12/runs/qaoa_pps_q12_g01_p03_wmxyz_mw02.pt"
}