{
  "config": {
    "n_qubits": 8,
    "p_layers": 5,
    "delta_t": 0.8,
    "steps": 10,
    "lr": 0.05,
    "seed": 81052,
    "device": "cuda",
    "preset": "hybrid",
    "build_min_abs": null,
    "no_build_min_abs": true,
    "build_min_mat_abs": null,
    "rebuild_every": 10,
    "chunk_size": 1000000,
    "max_weight": 2,
    "weight_mode": "xyz",
    "weight_x": 1.0,
    "weight_y": 1.0,
    "weight_z": 1.0
  },
  "graph": {
    "source": "edges_json",
    "params": {
      "edges_json": "/home/quantum/ys_lee/Pauli-Propagation---GPU-acceleration/QAOA/artifacts/weight_sweep_yz_xyz_no_minabs/q08/graphs/edges_graph_01.json"
    },
    "edges": [
      [
        0,
        1
      ],
      [
        0,
        5
      ],
      [
        0,
        6
      ],
      [
        0,
        7
      ],
      [
        1,
        3
      ],
      [
        1,
        4
      ],
      [
        2,
        4
      ],
      [
        2,
        6
      ],
      [
        5,
        6
      ],
      [
        5,
        7
      ]
    ]
  },
  "training": {
    "history_sum_zz": [
      5.558239936828613,
      4.714046478271484,
      3.5674631595611572,
      2.2870559692382812,
      0.8746251463890076,
      -0.7499173879623413,
      -2.468388080596924,
      -4.00848388671875,
      -5.0599188804626465,
      -5.412752151489258
    ],
    "history_expected_cut": [
      2.2208800315856934,
      2.642976760864258,
      3.2162684202194214,
      3.8564720153808594,
      4.562687426805496,
      5.374958693981171,
      6.234194040298462,
      7.004241943359375,
      7.529959440231323,
      7.706376075744629
    ],
    "best_sum_zz": -5.412752151489258,
    "best_expected_cut": 7.706376075744629
  },
  "resources": {
    "compile_events": [
      {
        "step": -1,
        "chunk_size": 1000000,
        "terms_after_zero_filter": 8,
        "n_steps": 98,
        "nnz_const_total": 2962,
        "nnz_cos_total": 808,
        "nnz_sin_total": 502,
        "nnz_total": 4272,
        "gpu_work_proxy_nnz_total": 4272,
        "max_step_rows": 48,
        "max_step_cols": 48,
        "max_step_nnz_total": 64,
        "nnz_density_proxy": 0.018920068027210885
      }
    ],
    "terms_after_zero_filter_last": 8,
    "nnz_total_last": 4272,
    "gpu_work_proxy_nnz_total_last": 4272,
    "terms_after_zero_filter_mean": 8.0,
    "nnz_total_mean": 4272.0,
    "nnz_total_std": 0.0,
    "rebuild_count": 0
  },
  "checkpoint": "/home/quantum/ys_lee/Pauli-Propagation---GPU-acceleration/QAOA/artifacts/weight_sweep_yz_xyz_no_minabs/q08/runs/qaoa_pps_q08_g01_p05_wmxyz_mw02.pt"
}