{
  "config": {
    "n_qubits": 8,
    "p_layers": 5,
    "delta_t": 0.8,
    "steps": 10,
    "lr": 0.05,
    "seed": 81054,
    "device": "cuda",
    "preset": "hybrid",
    "build_min_abs": null,
    "no_build_min_abs": true,
    "build_min_mat_abs": null,
    "rebuild_every": 10,
    "chunk_size": 1000000,
    "max_weight": 4,
    "weight_mode": "yz",
    "weight_x": 0.0,
    "weight_y": 1.0,
    "weight_z": 1.0
  },
  "graph": {
    "source": "edges_json",
    "params": {
      "edges_json": "/home/quantum/ys_lee/Pauli-Propagation---GPU-acceleration/QAOA/artifacts/weight_sweep_yz_xyz_no_minabs/q08/graphs/edges_graph_01.json"
    },
    "edges": [
      [
        0,
        1
      ],
      [
        0,
        5
      ],
      [
        0,
        6
      ],
      [
        0,
        7
      ],
      [
        1,
        3
      ],
      [
        1,
        4
      ],
      [
        2,
        4
      ],
      [
        2,
        6
      ],
      [
        5,
        6
      ],
      [
        5,
        7
      ]
    ]
  },
  "training": {
    "history_sum_zz": [
      6.0683488845825195,
      4.990056991577148,
      3.7385025024414062,
      2.414717674255371,
      1.1197257041931152,
      -0.06952658295631409,
      -1.1217643022537231,
      -2.0468389987945557,
      -2.878910541534424,
      -3.623032331466675
    ],
    "history_expected_cut": [
      1.9658255577087402,
      2.504971504211426,
      3.130748748779297,
      3.7926411628723145,
      4.440137147903442,
      5.034763291478157,
      5.560882151126862,
      6.023419499397278,
      6.439455270767212,
      6.811516165733337
    ],
    "best_sum_zz": -3.623032331466675,
    "best_expected_cut": 6.811516165733337
  },
  "resources": {
    "compile_events": [
      {
        "step": -1,
        "chunk_size": 1000000,
        "terms_after_zero_filter": 254,
        "n_steps": 98,
        "nnz_const_total": 457256,
        "nnz_cos_total": 386159,
        "nnz_sin_total": 349621,
        "nnz_total": 1193036,
        "gpu_work_proxy_nnz_total": 1193036,
        "max_step_rows": 25016,
        "max_step_cols": 25016,
        "max_step_nnz_total": 35612,
        "nnz_density_proxy": 1.9453230672206496e-05
      }
    ],
    "terms_after_zero_filter_last": 254,
    "nnz_total_last": 1193036,
    "gpu_work_proxy_nnz_total_last": 1193036,
    "terms_after_zero_filter_mean": 254.0,
    "nnz_total_mean": 1193036.0,
    "nnz_total_std": 0.0,
    "rebuild_count": 0
  },
  "checkpoint": "/home/quantum/ys_lee/Pauli-Propagation---GPU-acceleration/QAOA/artifacts/weight_sweep_yz_xyz_no_minabs/q08/runs/qaoa_pps_q08_g01_p05_wmyz_mw04.pt"
}