{
  "config": {
    "n_qubits": 8,
    "p_layers": 3,
    "delta_t": 0.8,
    "steps": 10,
    "lr": 0.05,
    "seed": 81036,
    "device": "cuda",
    "preset": "hybrid",
    "build_min_abs": null,
    "no_build_min_abs": true,
    "build_min_mat_abs": null,
    "rebuild_every": 10,
    "chunk_size": 1000000,
    "max_weight": 6,
    "weight_mode": "xyz",
    "weight_x": 1.0,
    "weight_y": 1.0,
    "weight_z": 1.0
  },
  "graph": {
    "source": "edges_json",
    "params": {
      "edges_json": "/home/quantum/ys_lee/Pauli-Propagation---GPU-acceleration/QAOA/artifacts/weight_sweep_yz_xyz_no_minabs/q08/graphs/edges_graph_01.json"
    },
    "edges": [
      [
        0,
        1
      ],
      [
        0,
        5
      ],
      [
        0,
        6
      ],
      [
        0,
        7
      ],
      [
        1,
        3
      ],
      [
        1,
        4
      ],
      [
        2,
        4
      ],
      [
        2,
        6
      ],
      [
        5,
        6
      ],
      [
        5,
        7
      ]
    ]
  },
  "training": {
    "history_sum_zz": [
      4.163832664489746,
      3.3328418731689453,
      2.43703556060791,
      1.4396358728408813,
      0.3322415351867676,
      -0.8256962895393372,
      -1.9232892990112305,
      -2.8204569816589355,
      -3.386852264404297,
      -3.5698885917663574
    ],
    "history_expected_cut": [
      2.918083667755127,
      3.3335790634155273,
      3.781482219696045,
      4.280182063579559,
      4.833879232406616,
      5.412848144769669,
      5.961644649505615,
      6.410228490829468,
      6.693426132202148,
      6.784944295883179
    ],
    "best_sum_zz": -3.5698885917663574,
    "best_expected_cut": 6.784944295883179
  },
  "resources": {
    "compile_events": [
      {
        "step": -1,
        "chunk_size": 1000000,
        "terms_after_zero_filter": 189,
        "n_steps": 62,
        "nnz_const_total": 45247,
        "nnz_cos_total": 33848,
        "nnz_sin_total": 30053,
        "nnz_total": 109148,
        "gpu_work_proxy_nnz_total": 109148,
        "max_step_rows": 5668,
        "max_step_cols": 5668,
        "max_step_nnz_total": 7280,
        "nnz_density_proxy": 5.4797962340772626e-05
      }
    ],
    "terms_after_zero_filter_last": 189,
    "nnz_total_last": 109148,
    "gpu_work_proxy_nnz_total_last": 109148,
    "terms_after_zero_filter_mean": 189.0,
    "nnz_total_mean": 109148.0,
    "nnz_total_std": 0.0,
    "rebuild_count": 0
  },
  "checkpoint": "/home/quantum/ys_lee/Pauli-Propagation---GPU-acceleration/QAOA/artifacts/weight_sweep_yz_xyz_no_minabs/q08/runs/qaoa_pps_q08_g01_p03_wmxyz_mw06.pt"
}