{
  "config": {
    "n_qubits": 8,
    "p_layers": 5,
    "delta_t": 0.8,
    "steps": 10,
    "lr": 0.05,
    "seed": 81052,
    "device": "cuda",
    "preset": "hybrid",
    "build_min_abs": null,
    "no_build_min_abs": true,
    "build_min_mat_abs": null,
    "rebuild_every": 10,
    "chunk_size": 1000000,
    "max_weight": 2,
    "weight_mode": "yz",
    "weight_x": 0.0,
    "weight_y": 1.0,
    "weight_z": 1.0
  },
  "graph": {
    "source": "edges_json",
    "params": {
      "edges_json": "/home/quantum/ys_lee/Pauli-Propagation---GPU-acceleration/QAOA/artifacts/weight_sweep_yz_xyz_no_minabs/q08/graphs/edges_graph_01.json"
    },
    "edges": [
      [
        0,
        1
      ],
      [
        0,
        5
      ],
      [
        0,
        6
      ],
      [
        0,
        7
      ],
      [
        1,
        3
      ],
      [
        1,
        4
      ],
      [
        2,
        4
      ],
      [
        2,
        6
      ],
      [
        5,
        6
      ],
      [
        5,
        7
      ]
    ]
  },
  "training": {
    "history_sum_zz": [
      6.029575347900391,
      4.88763427734375,
      3.5248284339904785,
      2.0979740619659424,
      0.6739813089370728,
      -0.6839925646781921,
      -1.8175048828125,
      -2.5622854232788086,
      -2.920149326324463,
      -3.071735143661499
    ],
    "history_expected_cut": [
      1.9852123260498047,
      2.556182861328125,
      3.2375857830047607,
      3.951012969017029,
      4.663009345531464,
      5.341996282339096,
      5.90875244140625,
      6.281142711639404,
      6.4600746631622314,
      6.5358675718307495
    ],
    "best_sum_zz": -3.071735143661499,
    "best_expected_cut": 6.5358675718307495
  },
  "resources": {
    "compile_events": [
      {
        "step": -1,
        "chunk_size": 1000000,
        "terms_after_zero_filter": 219,
        "n_steps": 98,
        "nnz_const_total": 61248,
        "nnz_cos_total": 32671,
        "nnz_sin_total": 20618,
        "nnz_total": 114537,
        "gpu_work_proxy_nnz_total": 114537,
        "max_step_rows": 3124,
        "max_step_cols": 3124,
        "max_step_nnz_total": 3819,
        "nnz_density_proxy": 0.00011975610919788147
      }
    ],
    "terms_after_zero_filter_last": 219,
    "nnz_total_last": 114537,
    "gpu_work_proxy_nnz_total_last": 114537,
    "terms_after_zero_filter_mean": 219.0,
    "nnz_total_mean": 114537.0,
    "nnz_total_std": 0.0,
    "rebuild_count": 0
  },
  "checkpoint": "/home/quantum/ys_lee/Pauli-Propagation---GPU-acceleration/QAOA/artifacts/weight_sweep_yz_xyz_no_minabs/q08/runs/qaoa_pps_q08_g01_p05_wmyz_mw02.pt"
}