{
  "config": {
    "n_qubits": 8,
    "p_layers": 3,
    "delta_t": 0.8,
    "steps": 10,
    "lr": 0.05,
    "seed": 81038,
    "device": "cuda",
    "preset": "hybrid",
    "build_min_abs": null,
    "no_build_min_abs": true,
    "build_min_mat_abs": null,
    "rebuild_every": 10,
    "chunk_size": 1000000,
    "max_weight": 8,
    "weight_mode": "xyz",
    "weight_x": 1.0,
    "weight_y": 1.0,
    "weight_z": 1.0
  },
  "graph": {
    "source": "edges_json",
    "params": {
      "edges_json": "/home/quantum/ys_lee/Pauli-Propagation---GPU-acceleration/QAOA/artifacts/weight_sweep_yz_xyz_no_minabs/q08/graphs/edges_graph_01.json"
    },
    "edges": [
      [
        0,
        1
      ],
      [
        0,
        5
      ],
      [
        0,
        6
      ],
      [
        0,
        7
      ],
      [
        1,
        3
      ],
      [
        1,
        4
      ],
      [
        2,
        4
      ],
      [
        2,
        6
      ],
      [
        5,
        6
      ],
      [
        5,
        7
      ]
    ]
  },
  "training": {
    "history_sum_zz": [
      4.1638288497924805,
      3.332819700241089,
      2.4370293617248535,
      1.4396436214447021,
      0.33223554491996765,
      -0.8257207274436951,
      -1.9233109951019287,
      -2.8204538822174072,
      -3.3868141174316406,
      -3.5698208808898926
    ],
    "history_expected_cut": [
      2.9180855751037598,
      3.3335901498794556,
      3.7814853191375732,
      4.280178189277649,
      4.833882227540016,
      5.4128603637218475,
      5.961655497550964,
      6.410226941108704,
      6.69340705871582,
      6.784910440444946
    ],
    "best_sum_zz": -3.5698208808898926,
    "best_expected_cut": 6.784910440444946
  },
  "resources": {
    "compile_events": [
      {
        "step": -1,
        "chunk_size": 1000000,
        "terms_after_zero_filter": 230,
        "n_steps": 62,
        "nnz_const_total": 70653,
        "nnz_cos_total": 63873,
        "nnz_sin_total": 62350,
        "nnz_total": 196876,
        "gpu_work_proxy_nnz_total": 196876,
        "max_step_rows": 11429,
        "max_step_cols": 11429,
        "max_step_nnz_total": 14625,
        "nnz_density_proxy": 2.4309981152711506e-05
      }
    ],
    "terms_after_zero_filter_last": 230,
    "nnz_total_last": 196876,
    "gpu_work_proxy_nnz_total_last": 196876,
    "terms_after_zero_filter_mean": 230.0,
    "nnz_total_mean": 196876.0,
    "nnz_total_std": 0.0,
    "rebuild_count": 0
  },
  "checkpoint": "/home/quantum/ys_lee/Pauli-Propagation---GPU-acceleration/QAOA/artifacts/weight_sweep_yz_xyz_no_minabs/q08/runs/qaoa_pps_q08_g01_p03_wmxyz_mw08.pt"
}