{
  "config": {
    "n_qubits": 8,
    "p_layers": 3,
    "delta_t": 0.8,
    "steps": 10,
    "lr": 0.05,
    "seed": 81034,
    "device": "cuda",
    "preset": "hybrid",
    "build_min_abs": null,
    "no_build_min_abs": true,
    "build_min_mat_abs": null,
    "rebuild_every": 10,
    "chunk_size": 1000000,
    "max_weight": 4,
    "weight_mode": "yz",
    "weight_x": 0.0,
    "weight_y": 1.0,
    "weight_z": 1.0
  },
  "graph": {
    "source": "edges_json",
    "params": {
      "edges_json": "/home/quantum/ys_lee/Pauli-Propagation---GPU-acceleration/QAOA/artifacts/weight_sweep_yz_xyz_no_minabs/q08/graphs/edges_graph_01.json"
    },
    "edges": [
      [
        0,
        1
      ],
      [
        0,
        5
      ],
      [
        0,
        6
      ],
      [
        0,
        7
      ],
      [
        1,
        3
      ],
      [
        1,
        4
      ],
      [
        2,
        4
      ],
      [
        2,
        6
      ],
      [
        5,
        6
      ],
      [
        5,
        7
      ]
    ]
  },
  "training": {
    "history_sum_zz": [
      4.163809776306152,
      3.3327858448028564,
      2.4372148513793945,
      1.4402602910995483,
      0.3331758677959442,
      -0.8247433304786682,
      -1.9225618839263916,
      -2.8200478553771973,
      -3.3867392539978027,
      -3.56996750831604
    ],
    "history_expected_cut": [
      2.918095111846924,
      3.3336070775985718,
      3.7813925743103027,
      4.279869854450226,
      4.833412066102028,
      5.412371665239334,
      5.961280941963196,
      6.410023927688599,
      6.693369626998901,
      6.78498375415802
    ],
    "best_sum_zz": -3.56996750831604,
    "best_expected_cut": 6.78498375415802
  },
  "resources": {
    "compile_events": [
      {
        "step": -1,
        "chunk_size": 1000000,
        "terms_after_zero_filter": 224,
        "n_steps": 62,
        "nnz_const_total": 45345,
        "nnz_cos_total": 31828,
        "nnz_sin_total": 28484,
        "nnz_total": 105657,
        "gpu_work_proxy_nnz_total": 105657,
        "max_step_rows": 5661,
        "max_step_cols": 5661,
        "max_step_nnz_total": 6868,
        "nnz_density_proxy": 5.31765644908702e-05
      }
    ],
    "terms_after_zero_filter_last": 224,
    "nnz_total_last": 105657,
    "gpu_work_proxy_nnz_total_last": 105657,
    "terms_after_zero_filter_mean": 224.0,
    "nnz_total_mean": 105657.0,
    "nnz_total_std": 0.0,
    "rebuild_count": 0
  },
  "checkpoint": "/home/quantum/ys_lee/Pauli-Propagation---GPU-acceleration/QAOA/artifacts/weight_sweep_yz_xyz_no_minabs/q08/runs/qaoa_pps_q08_g01_p03_wmyz_mw04.pt"
}