{
  "config": {
    "n_qubits": 8,
    "p_layers": 5,
    "delta_t": 0.8,
    "steps": 10,
    "lr": 0.05,
    "seed": 81058,
    "device": "cuda",
    "preset": "hybrid",
    "build_min_abs": null,
    "no_build_min_abs": true,
    "build_min_mat_abs": null,
    "rebuild_every": 10,
    "chunk_size": 1000000,
    "max_weight": 8,
    "weight_mode": "xyz",
    "weight_x": 1.0,
    "weight_y": 1.0,
    "weight_z": 1.0
  },
  "graph": {
    "source": "edges_json",
    "params": {
      "edges_json": "/home/quantum/ys_lee/Pauli-Propagation---GPU-acceleration/QAOA/artifacts/weight_sweep_yz_xyz_no_minabs/q08/graphs/edges_graph_01.json"
    },
    "edges": [
      [
        0,
        1
      ],
      [
        0,
        5
      ],
      [
        0,
        6
      ],
      [
        0,
        7
      ],
      [
        1,
        3
      ],
      [
        1,
        4
      ],
      [
        2,
        4
      ],
      [
        2,
        6
      ],
      [
        5,
        6
      ],
      [
        5,
        7
      ]
    ]
  },
  "training": {
    "history_sum_zz": [
      6.068458080291748,
      4.9898762702941895,
      3.7360026836395264,
      2.4092819690704346,
      1.1128596067428589,
      -0.07660642266273499,
      -1.1276377439498901,
      -2.0491321086883545,
      -2.8740181922912598,
      -3.611236333847046
    ],
    "history_expected_cut": [
      1.965770959854126,
      2.5050618648529053,
      3.131998658180237,
      3.7953590154647827,
      4.443570196628571,
      5.0383032113313675,
      5.563818871974945,
      6.024566054344177,
      6.43700909614563,
      6.805618166923523
    ],
    "best_sum_zz": -3.611236333847046,
    "best_expected_cut": 6.805618166923523
  },
  "resources": {
    "compile_events": [
      {
        "step": -1,
        "chunk_size": 1000000,
        "terms_after_zero_filter": 254,
        "n_steps": 98,
        "nnz_const_total": 610653,
        "nnz_cos_total": 602619,
        "nnz_sin_total": 602592,
        "nnz_total": 1815864,
        "gpu_work_proxy_nnz_total": 1815864,
        "max_step_rows": 32547,
        "max_step_cols": 32547,
        "max_step_nnz_total": 48840,
        "nnz_density_proxy": 1.749183271138856e-05
      }
    ],
    "terms_after_zero_filter_last": 254,
    "nnz_total_last": 1815864,
    "gpu_work_proxy_nnz_total_last": 1815864,
    "terms_after_zero_filter_mean": 254.0,
    "nnz_total_mean": 1815864.0,
    "nnz_total_std": 0.0,
    "rebuild_count": 0
  },
  "checkpoint": "/home/quantum/ys_lee/Pauli-Propagation---GPU-acceleration/QAOA/artifacts/weight_sweep_yz_xyz_no_minabs/q08/runs/qaoa_pps_q08_g01_p05_wmxyz_mw08.pt"
}