{
  "config": {
    "n_qubits": 8,
    "p_layers": 3,
    "delta_t": 0.8,
    "steps": 10,
    "lr": 0.05,
    "seed": 81034,
    "device": "cuda",
    "preset": "hybrid",
    "build_min_abs": null,
    "no_build_min_abs": true,
    "build_min_mat_abs": null,
    "rebuild_every": 10,
    "chunk_size": 1000000,
    "max_weight": 4,
    "weight_mode": "xyz",
    "weight_x": 1.0,
    "weight_y": 1.0,
    "weight_z": 1.0
  },
  "graph": {
    "source": "edges_json",
    "params": {
      "edges_json": "/home/quantum/ys_lee/Pauli-Propagation---GPU-acceleration/QAOA/artifacts/weight_sweep_yz_xyz_no_minabs/q08/graphs/edges_graph_01.json"
    },
    "edges": [
      [
        0,
        1
      ],
      [
        0,
        5
      ],
      [
        0,
        6
      ],
      [
        0,
        7
      ],
      [
        1,
        3
      ],
      [
        1,
        4
      ],
      [
        2,
        4
      ],
      [
        2,
        6
      ],
      [
        5,
        6
      ],
      [
        5,
        7
      ]
    ]
  },
  "training": {
    "history_sum_zz": [
      4.160036563873291,
      3.3343870639801025,
      2.433671474456787,
      1.4425032138824463,
      0.3409675657749176,
      -0.811456561088562,
      -1.9074270725250244,
      -2.8140597343444824,
      -3.405555248260498,
      -3.6199283599853516
    ],
    "history_expected_cut": [
      2.9199817180633545,
      3.3328064680099487,
      3.7831642627716064,
      4.278748393058777,
      4.829516217112541,
      5.405728280544281,
      5.953713536262512,
      6.407029867172241,
      6.702777624130249,
      6.809964179992676
    ],
    "best_sum_zz": -3.6199283599853516,
    "best_expected_cut": 6.809964179992676
  },
  "resources": {
    "compile_events": [
      {
        "step": -1,
        "chunk_size": 1000000,
        "terms_after_zero_filter": 61,
        "n_steps": 62,
        "nnz_const_total": 9646,
        "nnz_cos_total": 4395,
        "nnz_sin_total": 3323,
        "nnz_total": 17364,
        "gpu_work_proxy_nnz_total": 17364,
        "max_step_rows": 613,
        "max_step_cols": 613,
        "max_step_nnz_total": 774,
        "nnz_density_proxy": 0.000745310326634268
      }
    ],
    "terms_after_zero_filter_last": 61,
    "nnz_total_last": 17364,
    "gpu_work_proxy_nnz_total_last": 17364,
    "terms_after_zero_filter_mean": 61.0,
    "nnz_total_mean": 17364.0,
    "nnz_total_std": 0.0,
    "rebuild_count": 0
  },
  "checkpoint": "/home/quantum/ys_lee/Pauli-Propagation---GPU-acceleration/QAOA/artifacts/weight_sweep_yz_xyz_no_minabs/q08/runs/qaoa_pps_q08_g01_p03_wmxyz_mw04.pt"
}