{
  "config": {
    "n_qubits": 8,
    "p_layers": 5,
    "delta_t": 0.8,
    "steps": 10,
    "lr": 0.05,
    "seed": 81056,
    "device": "cuda",
    "preset": "hybrid",
    "build_min_abs": null,
    "no_build_min_abs": true,
    "build_min_mat_abs": null,
    "rebuild_every": 10,
    "chunk_size": 1000000,
    "max_weight": 6,
    "weight_mode": "xyz",
    "weight_x": 1.0,
    "weight_y": 1.0,
    "weight_z": 1.0
  },
  "graph": {
    "source": "edges_json",
    "params": {
      "edges_json": "/home/quantum/ys_lee/Pauli-Propagation---GPU-acceleration/QAOA/artifacts/weight_sweep_yz_xyz_no_minabs/q08/graphs/edges_graph_01.json"
    },
    "edges": [
      [
        0,
        1
      ],
      [
        0,
        5
      ],
      [
        0,
        6
      ],
      [
        0,
        7
      ],
      [
        1,
        3
      ],
      [
        1,
        4
      ],
      [
        2,
        4
      ],
      [
        2,
        6
      ],
      [
        5,
        6
      ],
      [
        5,
        7
      ]
    ]
  },
  "training": {
    "history_sum_zz": [
      6.068996906280518,
      4.99034309387207,
      3.7358806133270264,
      2.408036708831787,
      1.1111699342727661,
      -0.0754481852054596,
      -1.1188442707061768,
      -2.0302631855010986,
      -2.848255157470703,
      -3.584689140319824
    ],
    "history_expected_cut": [
      1.9655015468597412,
      2.504828453063965,
      3.132059693336487,
      3.7959816455841064,
      4.444415032863617,
      5.03772409260273,
      5.559422135353088,
      6.015131592750549,
      6.424127578735352,
      6.792344570159912
    ],
    "best_sum_zz": -3.584689140319824,
    "best_expected_cut": 6.792344570159912
  },
  "resources": {
    "compile_events": [
      {
        "step": -1,
        "chunk_size": 1000000,
        "terms_after_zero_filter": 218,
        "n_steps": 98,
        "nnz_const_total": 377869,
        "nnz_cos_total": 335215,
        "nnz_sin_total": 285041,
        "nnz_total": 998125,
        "gpu_work_proxy_nnz_total": 998125,
        "max_step_rows": 20110,
        "max_step_cols": 20110,
        "max_step_nnz_total": 28338,
        "nnz_density_proxy": 2.518458023286602e-05
      }
    ],
    "terms_after_zero_filter_last": 218,
    "nnz_total_last": 998125,
    "gpu_work_proxy_nnz_total_last": 998125,
    "terms_after_zero_filter_mean": 218.0,
    "nnz_total_mean": 998125.0,
    "nnz_total_std": 0.0,
    "rebuild_count": 0
  },
  "checkpoint": "/home/quantum/ys_lee/Pauli-Propagation---GPU-acceleration/QAOA/artifacts/weight_sweep_yz_xyz_no_minabs/q08/runs/qaoa_pps_q08_g01_p05_wmxyz_mw06.pt"
}