{
  "config": {
    "n_qubits": 8,
    "p_layers": 3,
    "delta_t": 0.8,
    "steps": 10,
    "lr": 0.05,
    "seed": 81036,
    "device": "cuda",
    "preset": "hybrid",
    "build_min_abs": null,
    "no_build_min_abs": true,
    "build_min_mat_abs": null,
    "rebuild_every": 10,
    "chunk_size": 1000000,
    "max_weight": 6,
    "weight_mode": "yz",
    "weight_x": 0.0,
    "weight_y": 1.0,
    "weight_z": 1.0
  },
  "graph": {
    "source": "edges_json",
    "params": {
      "edges_json": "/home/quantum/ys_lee/Pauli-Propagation---GPU-acceleration/QAOA/artifacts/weight_sweep_yz_xyz_no_minabs/q08/graphs/edges_graph_01.json"
    },
    "edges": [
      [
        0,
        1
      ],
      [
        0,
        5
      ],
      [
        0,
        6
      ],
      [
        0,
        7
      ],
      [
        1,
        3
      ],
      [
        1,
        4
      ],
      [
        2,
        4
      ],
      [
        2,
        6
      ],
      [
        5,
        6
      ],
      [
        5,
        7
      ]
    ]
  },
  "training": {
    "history_sum_zz": [
      4.1638288497924805,
      3.332819938659668,
      2.437030792236328,
      1.4396445751190186,
      0.3322356939315796,
      -0.825721025466919,
      -1.9233113527297974,
      -2.820453405380249,
      -3.386813163757324,
      -3.569819450378418
    ],
    "history_expected_cut": [
      2.9180855751037598,
      3.333590030670166,
      3.781484603881836,
      4.280177712440491,
      4.83388215303421,
      5.4128605127334595,
      5.961655676364899,
      6.4102267026901245,
      6.693406581878662,
      6.784909725189209
    ],
    "best_sum_zz": -3.569819450378418,
    "best_expected_cut": 6.784909725189209
  },
  "resources": {
    "compile_events": [
      {
        "step": -1,
        "chunk_size": 1000000,
        "terms_after_zero_filter": 230,
        "n_steps": 62,
        "nnz_const_total": 70276,
        "nnz_cos_total": 62378,
        "nnz_sin_total": 60642,
        "nnz_total": 193296,
        "gpu_work_proxy_nnz_total": 193296,
        "max_step_rows": 11199,
        "max_step_cols": 11199,
        "max_step_nnz_total": 14289,
        "nnz_density_proxy": 2.4858372305772605e-05
      }
    ],
    "terms_after_zero_filter_last": 230,
    "nnz_total_last": 193296,
    "gpu_work_proxy_nnz_total_last": 193296,
    "terms_after_zero_filter_mean": 230.0,
    "nnz_total_mean": 193296.0,
    "nnz_total_std": 0.0,
    "rebuild_count": 0
  },
  "checkpoint": "/home/quantum/ys_lee/Pauli-Propagation---GPU-acceleration/QAOA/artifacts/weight_sweep_yz_xyz_no_minabs/q08/runs/qaoa_pps_q08_g01_p03_wmyz_mw06.pt"
}