{
  "config": {
    "n_qubits": 8,
    "p_layers": 5,
    "delta_t": 0.8,
    "steps": 10,
    "lr": 0.05,
    "seed": 81054,
    "device": "cuda",
    "preset": "hybrid",
    "build_min_abs": null,
    "no_build_min_abs": true,
    "build_min_mat_abs": null,
    "rebuild_every": 10,
    "chunk_size": 1000000,
    "max_weight": 4,
    "weight_mode": "xyz",
    "weight_x": 1.0,
    "weight_y": 1.0,
    "weight_z": 1.0
  },
  "graph": {
    "source": "edges_json",
    "params": {
      "edges_json": "/home/quantum/ys_lee/Pauli-Propagation---GPU-acceleration/QAOA/artifacts/weight_sweep_yz_xyz_no_minabs/q08/graphs/edges_graph_01.json"
    },
    "edges": [
      [
        0,
        1
      ],
      [
        0,
        5
      ],
      [
        0,
        6
      ],
      [
        0,
        7
      ],
      [
        1,
        3
      ],
      [
        1,
        4
      ],
      [
        2,
        4
      ],
      [
        2,
        6
      ],
      [
        5,
        6
      ],
      [
        5,
        7
      ]
    ]
  },
  "training": {
    "history_sum_zz": [
      6.028653144836426,
      4.929191589355469,
      3.6145877838134766,
      2.2170116901397705,
      0.879367470741272,
      -0.32500213384628296,
      -1.3690199851989746,
      -2.2596328258514404,
      -3.035360336303711,
      -3.729433536529541
    ],
    "history_expected_cut": [
      1.985673427581787,
      2.5354042053222656,
      3.1927061080932617,
      3.8914941549301147,
      4.560316264629364,
      5.1625010669231415,
      5.684509992599487,
      6.12981641292572,
      6.5176801681518555,
      6.8647167682647705
    ],
    "best_sum_zz": -3.729433536529541,
    "best_expected_cut": 6.8647167682647705
  },
  "resources": {
    "compile_events": [
      {
        "step": -1,
        "chunk_size": 1000000,
        "terms_after_zero_filter": 92,
        "n_steps": 98,
        "nnz_const_total": 52801,
        "nnz_cos_total": 30850,
        "nnz_sin_total": 20489,
        "nnz_total": 104140,
        "gpu_work_proxy_nnz_total": 104140,
        "max_step_rows": 2287,
        "max_step_cols": 2287,
        "max_step_nnz_total": 2821,
        "nnz_density_proxy": 0.00020316980718272263
      }
    ],
    "terms_after_zero_filter_last": 92,
    "nnz_total_last": 104140,
    "gpu_work_proxy_nnz_total_last": 104140,
    "terms_after_zero_filter_mean": 92.0,
    "nnz_total_mean": 104140.0,
    "nnz_total_std": 0.0,
    "rebuild_count": 0
  },
  "checkpoint": "/home/quantum/ys_lee/Pauli-Propagation---GPU-acceleration/QAOA/artifacts/weight_sweep_yz_xyz_no_minabs/q08/runs/qaoa_pps_q08_g01_p05_wmxyz_mw04.pt"
}