{
  "config": {
    "n_qubits": 8,
    "p_layers": 3,
    "delta_t": 0.8,
    "steps": 10,
    "lr": 0.05,
    "seed": 81032,
    "device": "cuda",
    "preset": "hybrid",
    "build_min_abs": null,
    "no_build_min_abs": true,
    "build_min_mat_abs": null,
    "rebuild_every": 10,
    "chunk_size": 1000000,
    "max_weight": 2,
    "weight_mode": "xyz",
    "weight_x": 1.0,
    "weight_y": 1.0,
    "weight_z": 1.0
  },
  "graph": {
    "source": "edges_json",
    "params": {
      "edges_json": "/home/quantum/ys_lee/Pauli-Propagation---GPU-acceleration/QAOA/artifacts/weight_sweep_yz_xyz_no_minabs/q08/graphs/edges_graph_01.json"
    },
    "edges": [
      [
        0,
        1
      ],
      [
        0,
        5
      ],
      [
        0,
        6
      ],
      [
        0,
        7
      ],
      [
        1,
        3
      ],
      [
        1,
        4
      ],
      [
        2,
        4
      ],
      [
        2,
        6
      ],
      [
        5,
        6
      ],
      [
        5,
        7
      ]
    ]
  },
  "training": {
    "history_sum_zz": [
      4.016619682312012,
      3.049210548400879,
      1.8636025190353394,
      0.5363140106201172,
      -0.8043059706687927,
      -1.9870262145996094,
      -2.8382186889648438,
      -3.3030238151550293,
      -3.537104606628418,
      -3.7260074615478516
    ],
    "history_expected_cut": [
      2.991690158843994,
      3.4753947257995605,
      4.06819874048233,
      4.731842994689941,
      5.402152985334396,
      5.993513107299805,
      6.419109344482422,
      6.651511907577515,
      6.768552303314209,
      6.863003730773926
    ],
    "best_sum_zz": -3.7260074615478516,
    "best_expected_cut": 6.863003730773926
  },
  "resources": {
    "compile_events": [
      {
        "step": -1,
        "chunk_size": 1000000,
        "terms_after_zero_filter": 8,
        "n_steps": 62,
        "nnz_const_total": 1618,
        "nnz_cos_total": 424,
        "nnz_sin_total": 262,
        "nnz_total": 2304,
        "gpu_work_proxy_nnz_total": 2304,
        "max_step_rows": 48,
        "max_step_cols": 48,
        "max_step_nnz_total": 64,
        "nnz_density_proxy": 0.016129032258064516
      }
    ],
    "terms_after_zero_filter_last": 8,
    "nnz_total_last": 2304,
    "gpu_work_proxy_nnz_total_last": 2304,
    "terms_after_zero_filter_mean": 8.0,
    "nnz_total_mean": 2304.0,
    "nnz_total_std": 0.0,
    "rebuild_count": 0
  },
  "checkpoint": "/home/quantum/ys_lee/Pauli-Propagation---GPU-acceleration/QAOA/artifacts/weight_sweep_yz_xyz_no_minabs/q08/runs/qaoa_pps_q08_g01_p03_wmxyz_mw02.pt"
}