{
  "config": {
    "n_qubits": 8,
    "p_layers": 5,
    "delta_t": 0.8,
    "steps": 10,
    "lr": 0.05,
    "seed": 81056,
    "device": "cuda",
    "preset": "hybrid",
    "build_min_abs": null,
    "no_build_min_abs": true,
    "build_min_mat_abs": null,
    "rebuild_every": 10,
    "chunk_size": 1000000,
    "max_weight": 6,
    "weight_mode": "yz",
    "weight_x": 0.0,
    "weight_y": 1.0,
    "weight_z": 1.0
  },
  "graph": {
    "source": "edges_json",
    "params": {
      "edges_json": "/home/quantum/ys_lee/Pauli-Propagation---GPU-acceleration/QAOA/artifacts/weight_sweep_yz_xyz_no_minabs/q08/graphs/edges_graph_01.json"
    },
    "edges": [
      [
        0,
        1
      ],
      [
        0,
        5
      ],
      [
        0,
        6
      ],
      [
        0,
        7
      ],
      [
        1,
        3
      ],
      [
        1,
        4
      ],
      [
        2,
        4
      ],
      [
        2,
        6
      ],
      [
        5,
        6
      ],
      [
        5,
        7
      ]
    ]
  },
  "training": {
    "history_sum_zz": [
      6.068462371826172,
      4.9898858070373535,
      3.7360095977783203,
      2.4092748165130615,
      1.1128811836242676,
      -0.07659777998924255,
      -1.1278321743011475,
      -2.049565553665161,
      -2.874372720718384,
      -3.6112139225006104
    ],
    "history_expected_cut": [
      1.965768814086914,
      2.5050570964813232,
      3.13199520111084,
      3.7953625917434692,
      4.443559408187866,
      5.038298889994621,
      5.563916087150574,
      6.024782776832581,
      6.437186360359192,
      6.805606961250305
    ],
    "best_sum_zz": -3.6112139225006104,
    "best_expected_cut": 6.805606961250305
  },
  "resources": {
    "compile_events": [
      {
        "step": -1,
        "chunk_size": 1000000,
        "terms_after_zero_filter": 254,
        "n_steps": 98,
        "nnz_const_total": 607714,
        "nnz_cos_total": 594394,
        "nnz_sin_total": 591592,
        "nnz_total": 1793700,
        "gpu_work_proxy_nnz_total": 1793700,
        "max_step_rows": 32291,
        "max_step_cols": 32291,
        "max_step_nnz_total": 48328,
        "nnz_density_proxy": 1.755337953735689e-05
      }
    ],
    "terms_after_zero_filter_last": 254,
    "nnz_total_last": 1793700,
    "gpu_work_proxy_nnz_total_last": 1793700,
    "terms_after_zero_filter_mean": 254.0,
    "nnz_total_mean": 1793700.0,
    "nnz_total_std": 0.0,
    "rebuild_count": 0
  },
  "checkpoint": "/home/quantum/ys_lee/Pauli-Propagation---GPU-acceleration/QAOA/artifacts/weight_sweep_yz_xyz_no_minabs/q08/runs/qaoa_pps_q08_g01_p05_wmyz_mw06.pt"
}